{
  "counterexample_found": false,
  "best_fitness": 0.8663113923793326,
  "best_structure": "n30_l25_d10_b3",
  "best_max_im": 1.1197515270834053,
  "best_max_re": -0.12132223757743235,
  "best_nm": 0.8663113923793326,
  "best_adj": [
    [
      3,
      4,
      5,
      6,
      7,
      8,
      10,
      11,
      12,
      13
    ],
    [
      14,
      15,
      16,
      17,
      18,
      19,
      21,
      24,
      12,
      9
    ],
    [
      22,
      23,
      25,
      26,
      27,
      28,
      29,
      20,
      24
    ],
    [
      0
    ],
    [
      0
    ],
    [
      0
    ],
    [
      0
    ],
    [
      0
    ],
    [
      0
    ],
    [
      1
    ],
    [
      0
    ],
    [
      0
    ],
    [
      0,
      1
    ],
    [
      0
    ],
    [
      1
    ],
    [
      1
    ],
    [
      1
    ],
    [
      1
    ],
    [
      1
    ],
    [
      1
    ],
    [
      2
    ],
    [
      1
    ],
    [
      2
    ],
    [
      2
    ],
    [
      1,
      2
    ],
    [
      2
    ],
    [
      2
    ],
    [
      2
    ],
    [
      2
    ],
    [
      2
    ]
  ],
  "best_poly": [
    1,
    30,
    406,
    3376,
    19818,
    88746,
    317220,
    931584,
    2290935,
    4779255,
    8533536,
    13120550,
    17440436,
    20089240,
    20071628,
    17388280,
    13038983,
    8436472,
    4686845,
    2220076,
    888030,
    296010,
    80730,
    17550,
    2925,
    351,
    27,
    1
  ]
}