{"witness": false, "phi_dom": 0.44394260421135634, "phi_max": 1.5694916897796511, "n": 48, "edges": [[0, 1], [0, 12], [0, 23], [0, 34], [0, 41], [0, 21], [0, 30], [0, 28], [1, 9], [1, 7], [1, 10], [2, 20], [2, 3], [3, 12], [4, 21], [5, 46], [6, 41], [8, 22], [11, 28], [12, 15], [12, 44], [13, 22], [14, 21], [16, 46], [17, 41], [18, 30], [19, 41], [20, 46], [20, 22], [21, 32], [22, 24], [23, 25], [23, 27], [23, 31], [23, 33], [26, 30], [28, 29], [28, 39], [30, 35], [30, 38], [34, 36], [34, 40], [34, 42], [34, 43], [37, 41], [45, 46], [46, 47]]}