{"scanned": 28998, "min_nonreal_ratio": 1.0183899269166687, "min_arg": 0.9028439504031697, "extremal": {"ratio": {"label": "adv", "n": 160, "ratio": 1.0183899269166687, "edges": [[0, 144], [0, 117], [0, 27], [1, 17], [1, 40], [2, 75], [2, 94], [3, 58], [3, 71], [4, 119], [4, 80], [4, 20], [5, 151], [5, 40], [6, 115], [7, 18], [7, 30], [8, 120], [8, 61], [9, 15], [9, 33], [9, 101], [10, 12], [10, 31], [10, 62], [10, 61], [11, 24], [13, 91], [13, 96], [14, 115], [14, 78], [15, 24], [15, 38], [16, 141], [17, 50], [18, 45], [18, 49], [19, 63], [19, 45], [19, 32], [21, 130], [22, 84], [22, 82], [23, 80], [23, 72], [25, 156], [25, 158], [26, 106], [26, 109], [26, 154], [27, 143], [28, 99], [28, 82], [28, 29], [30, 71], [30, 103], [31, 151], [34, 58], [35, 105], [35, 92], [35, 139], [36, 119], [36, 44], [37, 61], [38, 86], [38, 50], [38, 68], [39, 42], [39, 134], [40, 90], [41, 58], [42, 73], [42, 108], [43, 117], [43, 99], [44, 140], [45, 51], [46, 114], [46, 104], [47, 56], [47, 134], [47, 53], [48, 55], [48, 118], [50, 54], [52, 141], [53, 58], [55, 84], [56, 70], [57, 80], [59, 72], [60, 88], [60, 136], [63, 98], [64, 126], [64, 101], [65, 79], [66, 94], [67, 70], [69, 149], [71, 150], [72, 75], [72, 120], [73, 115], [74, 136], [74, 89], [76, 118], [77, 97], [77, 146], [78, 116], [79, 81], [81, 124], [83, 102], [83, 145], [84, 95], [85, 113], [85, 87], [87, 155], [88, 107], [90, 121], [91, 107], [91, 132], [92, 124], [92, 159], [92, 111], [93, 125], [95, 125], [95, 102], [97, 121], [98, 146], [99, 127], [100, 155], [104, 128], [105, 116], [107, 118], [109, 128], [109, 133], [110, 135], [112, 131], [113, 115], [114, 149], [122, 137], [122, 126], [123, 152], [125, 131], [129, 158], [130, 154], [132, 142], [133, 156], [135, 152], [135, 157], [138, 157], [140, 149], [141, 149], [143, 150], [144, 147], [147, 152], [148, 159], [153, 157]]}, "arg": {"label": "structured", "n": 137, "arg": 0.9028439504031697, "edges": [[0, 1], [0, 18], [0, 35], [0, 52], [0, 69], [0, 86], [0, 103], [0, 120], [1, 2], [1, 4], [1, 6], [1, 8], [1, 10], [1, 12], [1, 14], [1, 16], [2, 3], [4, 5], [6, 7], [8, 9], [10, 11], [12, 13], [14, 15], [16, 17], [18, 19], [18, 21], [18, 23], [18, 25], [18, 27], [18, 29], [18, 31], [18, 33], [19, 20], [21, 22], [23, 24], [25, 26], [27, 28], [29, 30], [31, 32], [33, 34], [35, 36], [35, 38], [35, 40], [35, 42], [35, 44], [35, 46], [35, 48], [35, 50], [36, 37], [38, 39], [40, 41], [42, 43], [44, 45], [46, 47], [48, 49], [50, 51], [52, 53], [52, 55], [52, 57], [52, 59], [52, 61], [52, 63], [52, 65], [52, 67], [53, 54], [55, 56], [57, 58], [59, 60], [61, 62], [63, 64], [65, 66], [67, 68], [69, 70], [69, 72], [69, 74], [69, 76], [69, 78], [69, 80], [69, 82], [69, 84], [70, 71], [72, 73], [74, 75], [76, 77], [78, 79], [80, 81], [82, 83], [84, 85], [86, 87], [86, 89], [86, 91], [86, 93], [86, 95], [86, 97], [86, 99], [86, 101], [87, 88], [89, 90], [91, 92], [93, 94], [95, 96], [97, 98], [99, 100], [101, 102], [103, 104], [103, 106], [103, 108], [103, 110], [103, 112], [103, 114], [103, 116], [103, 118], [104, 105], [106, 107], [108, 109], [110, 111], [112, 113], [114, 115], [116, 117], [118, 119], [120, 121], [120, 123], [120, 125], [120, 127], [120, 129], [120, 131], [120, 133], [120, 135], [121, 122], [123, 124], [125, 126], [127, 128], [129, 130], [131, 132], [133, 134], [135, 136]]}}}