{
  "max_n": 18,
  "total_dleaf1_trees": 15246,
  "total_time_s": 6.63,
  "global": {
    "max_mu_ratio": 0.9695644590621418,
    "max_mu_ratio_n": 18,
    "max_mu_ratio_tree": [
      [
        9,
        17
      ],
      [
        10,
        17
      ],
      [
        11,
        17
      ],
      [
        12,
        17
      ],
      [
        13,
        17
      ],
      [
        14,
        17
      ],
      [
        15,
        17
      ],
      [
        16,
        17
      ],
      [
        17
      ],
      [
        0
      ],
      [
        1
      ],
      [
        2
      ],
      [
        3
      ],
      [
        4
      ],
      [
        5
      ],
      [
        6
      ],
      [
        7
      ],
      [
        0,
        1,
        2,
        3,
        4,
        5,
        6,
        7,
        8
      ]
    ],
    "max_P_interior": 0.434549356223176,
    "max_P_interior_n": 18,
    "max_P_interior_tree": [
      [
        10,
        16
      ],
      [
        11,
        16
      ],
      [
        12,
        17
      ],
      [
        13,
        17
      ],
      [
        14,
        17
      ],
      [
        15,
        16
      ],
      [
        15
      ],
      [
        16,
        17
      ],
      [
        16
      ],
      [
        17
      ],
      [
        0
      ],
      [
        1
      ],
      [
        2
      ],
      [
        3
      ],
      [
        4
      ],
      [
        5,
        6
      ],
      [
        0,
        1,
        5,
        7,
        8
      ],
      [
        2,
        3,
        4,
        7,
        9
      ]
    ],
    "P_interior_exceeds_third": true,
    "max_P_support": 0.32695470174914043,
    "max_P_support_n": 18,
    "max_P_support_tree": [
      [
        9,
        17
      ],
      [
        10,
        17
      ],
      [
        11,
        17
      ],
      [
        12,
        17
      ],
      [
        13,
        17
      ],
      [
        14,
        17
      ],
      [
        15,
        17
      ],
      [
        16,
        17
      ],
      [
        17
      ],
      [
        0
      ],
      [
        1
      ],
      [
        2
      ],
      [
        3
      ],
      [
        4
      ],
      [
        5
      ],
      [
        6
      ],
      [
        7
      ],
      [
        0,
        1,
        2,
        3,
        4,
        5,
        6,
        7,
        8
      ]
    ],
    "P_support_exceeds_third": false,
    "max_avg_P_interior": 0.4313609467455622,
    "max_avg_P_interior_n": 17,
    "max_avg_P_interior_tree": [
      [
        9,
        15
      ],
      [
        10,
        15
      ],
      [
        11,
        15
      ],
      [
        12,
        16
      ],
      [
        13,
        16
      ],
      [
        14,
        16
      ],
      [
        15,
        16
      ],
      [
        15
      ],
      [
        16
      ],
      [
        0
      ],
      [
        1
      ],
      [
        2
      ],
      [
        3
      ],
      [
        4
      ],
      [
        5
      ],
      [
        0,
        1,
        2,
        6,
        7
      ],
      [
        3,
        4,
        5,
        6,
        8
      ]
    ],
    "decomp_always_holds": true,
    "decomp_failure_count": 0,
    "max_crosscheck_err": 8.881784197001252e-16
  },
  "per_n": {
    "3": {
      "total_trees": 1,
      "dleaf1_trees": 0,
      "max_mu_ratio": 0.0,
      "avg_mu_ratio": 0.0,
      "max_P_interior": 0.0,
      "max_P_support": 0.0,
      "max_avg_P_interior": 0.0,
      "max_crosscheck_err": 0.0,
      "decomp_failures": 0,
      "trees_with_interior_gt_third": 0,
      "trees_with_support_gt_third": 0,
      "time_s": 0.01
    },
    "4": {
      "total_trees": 2,
      "dleaf1_trees": 1,
      "max_mu_ratio": 0.9375,
      "avg_mu_ratio": 0.9375,
      "max_P_interior": 0.0,
      "max_P_support": 0.25,
      "max_avg_P_interior": 0.0,
      "max_crosscheck_err": 0.0,
      "decomp_failures": 0,
      "trees_with_interior_gt_third": 0,
      "trees_with_support_gt_third": 0,
      "time_s": 0.0
    },
    "5": {
      "total_trees": 3,
      "dleaf1_trees": 1,
      "max_mu_ratio": 0.9230769230769229,
      "avg_mu_ratio": 0.9230769230769229,
      "max_P_interior": 0.3076923076923077,
      "max_P_support": 0.23076923076923078,
      "max_avg_P_interior": 0.3076923076923077,
      "max_crosscheck_err": 2.220446049250313e-16,
      "decomp_failures": 0,
      "trees_with_interior_gt_third": 0,
      "trees_with_support_gt_third": 0,
      "time_s": 0.0
    },
    "6": {
      "total_trees": 6,
      "dleaf1_trees": 2,
      "max_mu_ratio": 0.9318181818181819,
      "avg_mu_ratio": 0.9182900432900434,
      "max_P_interior": 0.28571428571428575,
      "max_P_support": 0.27272727272727276,
      "max_avg_P_interior": 0.2857142857142857,
      "max_crosscheck_err": 2.220446049250313e-16,
      "decomp_failures": 0,
      "trees_with_interior_gt_third": 0,
      "trees_with_support_gt_third": 0,
      "time_s": 0.0
    },
    "7": {
      "total_trees": 11,
      "dleaf1_trees": 3,
      "max_mu_ratio": 0.9285714285714286,
      "avg_mu_ratio": 0.9098839535814326,
      "max_P_interior": 0.3333333333333333,
      "max_P_support": 0.2777777777777778,
      "max_avg_P_interior": 0.3333333333333333,
      "max_crosscheck_err": 4.440892098500626e-16,
      "decomp_failures": 0,
      "trees_with_interior_gt_third": 0,
      "trees_with_support_gt_third": 0,
      "time_s": 0.0
    },
    "8": {
      "total_trees": 23,
      "dleaf1_trees": 6,
      "max_mu_ratio": 0.9375,
      "avg_mu_ratio": 0.9149639097611199,
      "max_P_interior": 0.3389830508474576,
      "max_P_support": 0.29032258064516125,
      "max_avg_P_interior": 0.3389830508474576,
      "max_crosscheck_err": 4.440892098500626e-16,
      "decomp_failures": 0,
      "trees_with_interior_gt_third": 1,
      "trees_with_support_gt_third": 0,
      "time_s": 0.0
    },
    "9": {
      "total_trees": 47,
      "dleaf1_trees": 10,
      "max_mu_ratio": 0.937908496732026,
      "avg_mu_ratio": 0.9097581013140358,
      "max_P_interior": 0.36,
      "max_P_support": 0.29411764705882354,
      "max_avg_P_interior": 0.36,
      "max_crosscheck_err": 4.440892098500626e-16,
      "decomp_failures": 0,
      "trees_with_interior_gt_third": 3,
      "trees_with_support_gt_third": 0,
      "time_s": 0.01
    },
    "10": {
      "total_trees": 106,
      "dleaf1_trees": 21,
      "max_mu_ratio": 0.945505617977528,
      "avg_mu_ratio": 0.9100379671159404,
      "max_P_interior": 0.36585365853658536,
      "max_P_support": 0.30337078651685395,
      "max_avg_P_interior": 0.35714285714285715,
      "max_crosscheck_err": 4.440892098500626e-16,
      "decomp_failures": 0,
      "trees_with_interior_gt_third": 5,
      "trees_with_support_gt_third": 0,
      "time_s": 0.01
    },
    "11": {
      "total_trees": 235,
      "dleaf1_trees": 39,
      "max_mu_ratio": 0.9471243042671614,
      "avg_mu_ratio": 0.9081917767369639,
      "max_P_interior": 0.38028169014084506,
      "max_P_support": 0.30612244897959184,
      "max_avg_P_interior": 0.38028169014084506,
      "max_crosscheck_err": 4.440892098500626e-16,
      "decomp_failures": 0,
      "trees_with_interior_gt_third": 14,
      "trees_with_support_gt_third": 0,
      "time_s": 0.01
    },
    "12": {
      "total_trees": 551,
      "dleaf1_trees": 82,
      "max_mu_ratio": 0.9531853281853282,
      "avg_mu_ratio": 0.9076295209049097,
      "max_P_interior": 0.3862660944206008,
      "max_P_support": 0.3127413127413127,
      "max_avg_P_interior": 0.3717948717948718,
      "max_crosscheck_err": 4.440892098500626e-16,
      "decomp_failures": 0,
      "trees_with_interior_gt_third": 30,
      "trees_with_support_gt_third": 0,
      "time_s": 0.02
    },
    "13": {
      "total_trees": 1301,
      "dleaf1_trees": 167,
      "max_mu_ratio": 0.9550833781603013,