{
  "max_n": 18,
  "total_pairs": 2880691,
  "max_gamma": 0.9997559041,
  "max_gamma_deg2": 0.9997559041,
  "max_gamma_deg_ge3": 0.9547211797,
  "max_R_nonleaf": 0.9998779446,
  "max_gamma_info": {
    "n": 18,
    "w": 1,
    "child": 17,
    "parent": 16,
    "gamma": 0.9997559040712087,
    "R_wp": 0.9998779445868424,
    "R_cw": 0.0001220703125,
    "deg_w": 2
  },
  "gamma_thresholds": {
    "0.5": 249216,
    "0.6": 171079,
    "0.7": 86250,
    "0.8": 37014,
    "0.9": 12601,
    "0.95": 4567,
    "0.99": 482
  },
  "total_time_s": 4.96
}