{
  "max_n": 18,
  "total_edges": 3348674,
  "signed_by_dist": {
    "1": {
      "max": 0.1069971638,
      "min": -0.2808886579
    },
    "2": {
      "max": 0.2026247751,
      "min": -0.1091384284
    },
    "3": {
      "max": 0.0409897653,
      "min": -0.0780498871
    },
    "4": {
      "max": 0.0283161111,
      "min": -0.0145453058
    },
    "5": {
      "max": 0.0053345471,
      "min": -0.010106229
    },
    "6": {
      "max": 0.003296592,
      "min": -0.0020035551
    },
    "7": {
      "max": 0.0006621858,
      "min": -0.0011749606
    },
    "8": {
      "max": 0.0004170185,
      "min": -0.0002482101
    },
    "9": {
      "max": 9.4803e-05,
      "min": -0.0001362945
    },
    "10": {
      "max": 4.38091e-05,
      "min": -3.0929e-05
    },
    "11": {
      "max": 1.02567e-05,
      "min": -1.37934e-05
    },
    "12": {
      "max": 4.1397e-06,
      "min": -3.9177e-06
    },
    "13": {
      "max": 1.2593e-06,
      "min": -1.23e-06
    },
    "14": {
      "max": 3.272e-07,
      "min": -3.965e-07
    },
    "15": {
      "max": 1.19e-07,
      "min": -3.54e-08
    },
    "16": {
      "max": 0.0,
      "min": -3.54e-08
    }
  },
  "partial_by_dist": {
    "1": {
      "max": 0.1069971638,
      "min": -0.2808886579
    },
    "2": {
      "max": 0.09958499,
      "min": -0.2537951077
    },
    "3": {
      "max": 0.0984792949,
      "min": -0.2634995758
    },
    "4": {
      "max": 0.0979110326,
      "min": -0.2614689194
    },
    "5": {
      "max": 0.097651188,
      "min": -0.2618507013
    },
    "6": {
      "max": 0.0958739925,
      "min": -0.2602176408
    },
    "7": {
      "max": 0.0954864958,
      "min": -0.2580722246
    },
    "8": {
      "max": 0.095212946,
      "min": -0.2578827664
    },
    "9": {
      "max": 0.0946590726,
      "min": -0.257465453
    },
    "10": {
      "max": 0.0924749141,
      "min": -0.2551331647
    },
    "11": {
      "max": 0.092212692,
      "min": -0.2480734856
    },
    "12": {
      "max": 0.0919853991,
      "min": -0.2337504625
    },
    "13": {
      "max": 0.0914331332,
      "min": -0.1868577613
    },
    "14": {
      "max": 0.0880360039,
      "min": -0.0999997665
    },
    "15": {
      "max": 0.0793766474,
      "min": -0.0154030136
    },
    "16": {
      "max": 0.0403251043,
      "min": 0.0403251043
    }
  },
  "alternation_by_dist": {
    "2": 94.28,
    "3": 94.59,
    "4": 97.94,
    "5": 98.97,
    "6": 99.81,
    "7": 99.98,
    "8": 100.0,
    "9": 100.0,
    "10": 100.0,
    "11": 100.0,
    "12": 100.0,
    "13": 100.0,
    "14": 100.0,
    "15": 100.0,
    "16": 100.0
  },
  "total_time_s": 75.82
}