{
  "max_n": 18,
  "total_edges": 3348674,
  "total_time_s": 90.08,
  "distance_decomposition": {
    "1": {
      "max_abs_dP": 0.1666556466,
      "avg_abs_dP": 0.0263432966,
      "max_sum_abs_dP_single_edge": 0.2808886579,
      "count": 10529046
    },
    "2": {
      "max_abs_dP": 0.0666574439,
      "avg_abs_dP": 0.0079638281,
      "max_sum_abs_dP_single_edge": 0.2026247751,
      "count": 10822534
    },
    "3": {
      "max_abs_dP": 0.0249932103,
      "avg_abs_dP": 0.0025039185,
      "max_sum_abs_dP_single_edge": 0.0780498871,
      "count": 10130466
    },
    "4": {
      "max_abs_dP": 0.0096101261,
      "avg_abs_dP": 0.000819417,
      "max_sum_abs_dP_single_edge": 0.0283161111,
      "count": 8042726
    },
    "5": {
      "max_abs_dP": 0.0036590084,
      "avg_abs_dP": 0.0002820638,
      "max_sum_abs_dP_single_edge": 0.010106229,
      "count": 5597138
    },
    "6": {
      "max_abs_dP": 0.0013975029,
      "avg_abs_dP": 0.0001009017,
      "max_sum_abs_dP_single_edge": 0.003296592,
      "count": 3380102
    },
    "7": {
      "max_abs_dP": 0.000532427,
      "avg_abs_dP": 3.77352e-05,
      "max_sum_abs_dP_single_edge": 0.0011749606,
      "count": 1786256
    },
    "8": {
      "max_abs_dP": 0.0002025099,
      "avg_abs_dP": 1.46555e-05,
      "max_sum_abs_dP_single_edge": 0.0004170185,
      "count": 819526
    },
    "9": {
      "max_abs_dP": 7.6671e-05,
      "avg_abs_dP": 5.9368e-06,
      "max_sum_abs_dP_single_edge": 0.0001362945,
      "count": 326244
    },
    "10": {
      "max_abs_dP": 2.87731e-05,
      "avg_abs_dP": 2.4974e-06,
      "max_sum_abs_dP_single_edge": 4.38091e-05,
      "count": 111212
    },
    "11": {
      "max_abs_dP": 1.06038e-05,
      "avg_abs_dP": 1.0966e-06,
      "max_sum_abs_dP_single_edge": 1.37934e-05,
      "count": 32172
    },
    "12": {
      "max_abs_dP": 3.7633e-06,
      "avg_abs_dP": 5.005e-07,
      "max_sum_abs_dP_single_edge": 4.1397e-06,
      "count": 7708
    },
    "13": {
      "max_abs_dP": 1.23e-06,
      "avg_abs_dP": 2.396e-07,
      "max_sum_abs_dP_single_edge": 1.2593e-06,
      "count": 1492
    },
    "14": {
      "max_abs_dP": 3.272e-07,
      "avg_abs_dP": 1.193e-07,
      "max_sum_abs_dP_single_edge": 3.965e-07,
      "count": 224
    },
    "15": {
      "max_abs_dP": 9.26e-08,
      "avg_abs_dP": 6.33e-08,
      "max_sum_abs_dP_single_edge": 1.19e-07,
      "count": 24
    },
    "16": {
      "max_abs_dP": 3.54e-08,
      "avg_abs_dP": 3.54e-08,
      "max_sum_abs_dP_single_edge": 3.54e-08,
      "count": 2
    }
  },
  "decay_rates": {
    "average": 0.280666,
    "max": 0.5,
    "p95": 0.38058,
    "p99": 0.40548,
    "n_samples": 3348458
  },
  "worst_remote_positive": {
    "remote": 0.09880800901254363,
    "local": 0.410635040624079,
    "dmu": 0.5094430496366227,
    "n": 17,
    "edge": [
      0,
      14
    ],
    "A": 0.940312,
    "B": 0.125,
    "per_dist": {
      "1": 0.04576081,
      "2": 0.0530472
    }
  },
  "worst_remote_negative": {
    "remote": -0.26349957581791456,
    "local": 0.20382672656831874,
    "dmu": -0.059672849249595816,
    "n": 18,
    "edge": [
      13,
      17
    ],
    "A": 0.125,
    "B": 0.163399,
    "per_dist": {
      "1": -0.26070723,
      "2": 0.02457261,
      "3": -0.02736495
    }
  },
  "worst_abs_dmu": {
    "abs_dmu": 0.5330431188708905,
    "local": 0.4578421896098392,
    "remote": 0.07520092926105135,
    "dmu": 0.5330431188708905,
    "n": 18,
    "edge": [
      0,
      16
    ],
    "A": 0.912656,
    "B": 0.03125,
    "per_dist": {
      "1": -0.01023872,
      "2": 0.08543965
    }
  }
}