{
  "per_n": [
    {
      "n": 3,
      "trees": 1,
      "worst_neg_remote": {
        "remote": 0,
        "n": 3
      },
      "worst_pos_remote": {
        "remote": 0.06666666666666671,
        "local": 0.26666666666666666,
        "dmu": 0.33333333333333337,
        "n": 3,
        "edge": [
          0,
          2
        ],
        "A": 1.0,
        "B": 0.5,
        "tree": "Star K_{1,2}",
        "deg_u": 1,
        "deg_v": 2
      },
      "worst_dmu": {
        "abs_dmu": 0.33333333333333337,
        "dmu": 0.33333333333333337,
        "local": 0.26666666666666666,
        "remote": 0.06666666666666671,
        "n": 3,
        "edge": [
          0,
          2
        ],
        "A": 1.0,
        "B": 0.5,
        "tree": "Star K_{1,2}"
      }
    },
    {
      "n": 4,
      "trees": 2,
      "worst_neg_remote": {
        "remote": -0.04999999999999999,
        "local": 0.3,
        "dmu": 0.25,
        "n": 4,
        "edge": [
          0,
          3
        ],
        "A": 0.5,
        "B": 0.5,
        "tree": "Path P_4",
        "deg_u": 2,
        "deg_v": 2
      },
      "worst_pos_remote": {
        "remote": 0.08888888888888907,
        "local": 0.35555555555555557,
        "dmu": 0.44444444444444464,
        "n": 4,
        "edge": [
          0,
          3
        ],
        "A": 1.0,
        "B": 0.25,
        "tree": "Star K_{1,3}",
        "deg_u": 1,
        "deg_v": 3
      },
      "worst_dmu": {
        "abs_dmu": 0.44444444444444464,
        "dmu": 0.44444444444444464,
        "local": 0.35555555555555557,
        "remote": 0.08888888888888907,
        "n": 4,
        "edge": [
          0,
          3
        ],
        "A": 1.0,
        "B": 0.25,
        "tree": "Star K_{1,3}"
      }
    },
    {
      "n": 5,
      "trees": 3,
      "worst_neg_remote": {
        "remote": -0.11904761904761929,
        "local": 0.31746031746031744,
        "dmu": 0.19841269841269815,
        "n": 5,
        "edge": [
          0,
          4
        ],
        "A": 0.5,
        "B": 0.25,
        "tree": "Double star S(2,1)",
        "deg_u": 2,
        "deg_v": 3
      },
      "worst_pos_remote": {
        "remote": 0.07843137254901938,
        "local": 0.41830065359477125,
        "dmu": 0.49673202614379064,
        "n": 5,
        "edge": [
          0,
          4
        ],
        "A": 1.0,
        "B": 0.125,
        "tree": "Star K_{1,4}",
        "deg_u": 1,
        "deg_v": 4
      },
      "worst_dmu": {
        "abs_dmu": 0.49673202614379064,
        "dmu": 0.49673202614379064,
        "local": 0.41830065359477125,
        "remote": 0.07843137254901938,
        "n": 5,
        "edge": [
          0,
          4
        ],
        "A": 1.0,
        "B": 0.125,
        "tree": "Star K_{1,4}"
      }
    },
    {
      "n": 6,
      "trees": 6,
      "worst_neg_remote": {
        "remote": -0.21568627450980393,
        "local": 0.27450980392156865,
        "dmu": 0.05882352941176472,
        "n": 6,
        "edge": [
          4,
          5
        ],
        "A": 0.25,
        "B": 0.25,
        "tree": "Double star S(2,2)",
        "deg_u": 3,
        "deg_v": 3
      },
      "worst_pos_remote": {
        "remote": 0.08361204013377921,
        "local": 0.33444816053511706,
        "dmu": 0.41806020066889626,
        "n": 6,
        "edge": [
          2,
          5
        ],
        "A": 1.0,
        "B": 0.3,
        "tree": "Caterpillar spine=3 degs=[2, 2, 3]",
        "deg_u": 1,
        "deg_v": 3
      },
      "worst_dmu": {
        "abs_dmu": 0.5133689839572193,
        "dmu": 0.5133689839572193,
        "local": 0.4563279857397504,
        "remote": 0.057040998217468886,
        "n": 6,
        "edge": [
          0,
          5
        ],
        "A": 1.0,
        "B": 0.0625,
        "tree": "Star K_{1,5}"
      }
    },
    {
      "n": 7,
      "trees": 11,
      "worst_neg_remote": {
        "remote": -0.24242424242424243,
        "local": 0.24242424242424243,
        "dmu": 0.0,
        "n": 7,
        "edge": [
          5,
          6
        ],
        "A": 0.25,
        "B": 0.125,
        "tree": "Double star S(3,2)",
        "deg_u": 3,
        "deg_v": 4
      },
      "worst_pos_remote": {
        "remote": 0.09013785790031847,
        "local": 0.34358430540827145,
        "dmu": 0.4337221633085899,
        "n": 7,
        "edge": [
          1,
          5
        ],
        "A": 1.0,
        "B": 0.277778,
        "tree": "Caterpillar spine=3 degs=[2, 3, 3]",
        "deg_u": 1,
        "deg_v": 3
      },
      "worst_dmu": {
        "abs_dmu": 0.5146853146853148,
        "dmu": 0.5146853146853148,
        "local": 0.4773892773892774,
        "remote": 0.037296037296037365,
        "n": 7,
        "edge": [
          0,
          6
        ],
        "A": 1.0,
        "B": 0.03125,
        "tree": "Star K_{1,6}"
      }
    },
    {
      "n": 8,
      "trees": 23,
      "worst_neg_remote": {
        "remote": -0.25384615384615405,
        "local": 0.18461538461538463,
        "dmu": -0.06923076923076943,
        "n": 8,
        "edge": [
          6,
          7
        ],
        "A": 0.125,
        "B": 0.125,
        "tree": "Double star S(3,3)",
        "deg_u": 4,
        "deg_v": 4
      },
      "worst_pos_remote": {
        "remote": 0.09211718514044087,
        "local": 0.34913923286016313,
        "dmu": 0.441256418000604,
        "n": 8,
        "edge": [
          1,
          6
        ],
        "A": 1.0,
        "B": 0.264706,
        "tree": "Caterpillar spine=3 degs=[2, 3, 4]",
        "deg_u": 1,
        "deg_v": 3
      },
      "worst_dmu": {
        "abs_dmu": 0.5126530612244897,
        "dmu": 0.5126530612244897,
        "local": 0.47020408163265304,
        "remote": 0.04244897959183669,
        "n": 8,
        "edge": [
          1,
          7
        ],
        "A": 1.0,
        "B": 0.041667,
        "tree": "Double star S(5,1)"
      }
    },
    {
      "n": 9,
      "trees": 47,
      "worst_neg_remote": {
        "remote": -0.24127715602369992,
        "local": 0.2053982883475971,
        "dmu": -0.03587886767610282,
        "n": 9,
        "edge": [
          7,
          8
        ],
        "A": 0.125,
        "B": 0.166667,
        "tree": "Caterpillar spine=3 degs=[2, 4, 4]",
        "deg_u": 4,
        "deg_v": 4
      },
      "worst_pos_remote": {
        "remote": 0.09193822268941576,
        "local": 0.35222770275733806,
        "dmu": 0.4441659254467538,
        "n": 9,
        "edge": [
          1,
          7
        ],
        "A": 1.0,
        "B": 0.257576,
        "tree": "Caterpillar spine=3 degs=[2, 3, 5]",
        "deg_u": 1,
        "deg_v": 3
      },
      "worst_dmu": {
        "abs_dmu": 0.5144504397959935,
        "dmu": 0.5144504397959935,
        "local": 0.473057875674477,
        "remote": 0.041392564121516484,
        "n": 9,
        "edge": [
          2,
          8
        ],
        "A": 1.0,
        "B": 0.0375,
        "tree": "Caterpillar spine=3 degs=[2, 2, 6]"
      }
    },
    {
      "n": 10,
      "trees": 106,
      "worst_neg_remote": {
        "remote": -0.25177432936364696,
        "local": 0.19728136653434383,
        "dmu": -0.05449296282930316,
        "n": 10,
        "edge": [
          8,
          9
        ],
        "A": 0.125,
        "B": 0.15,
        "tree": "Caterpillar spine=4 degs=[2, 2, 4, 4]",
        "deg_u": 4,
        "deg_v": 4
      },
      "worst_pos_remote": {
        "remote": 0.09348206110047452,
        "local": 0.35436610338799635,
        "dmu": 0.44784816448847087,
        "n": 10,
        "edge": [
          0,
          8
        ],
        "A": 0.969697,
        "B": 0.25,
        "tree": "Caterpillar spine=3 degs=[2, 3, 6]",
        "deg_u": 2,
        "deg_v": 3
      },
      "worst_dmu": {
        "abs_dmu": 0.515289644272396,
        "dmu": 0.515289644272396,
        "local": 0.47497537622832525,
        "remote": 0.040314268044070733,
        "n": 10,