{
  "params": {
    "r_values": [
      280,
      320,
      400
    ],
    "start": 400,
    "stop": 900,
    "step": 20
  },
  "records": [
    {
      "r": 280,
      "first_ok": {
        "r": 280,
        "threshold": 420,
        "ok": true,
        "max_mode_bound_float": 4.1591770973362745e-72,
        "min_mode_target_float": 0.0006615514782937203,
        "max_perturb_bound_float": 0.0008877501154180966,
        "min_reserve_target_float": 0.009564230283576764,
        "residues": [
          {
            "residue": 0,
            "shift": 234,
            "a0": 420,
            "m0": 358,
            "witness_s": 78,
            "n0": 280,
            "mode_eta": "36268459383097910689146140693139964960723533060032976176187/76923589922469280031518617881879515181174637978557683323632",
            "reserve_eta": "342830315816702120205985915908450297658286382904552386971954777033381838333217032463225102416922559507088665395345366552345587272027583372166136804552996291644312904436629365603/85345357912186668020388681499540138035892588702714807132122201144309828030670034103539257389973883095620082808359134325157267885190999916761977603831630799236656592758847679744",
            "mode_bound_float": 4.1591770973362745e-72,
            "mode_target_float": 0.0011225876848531995,
            "perturb_bound_float": 0.0008877501154180966,
            "reserve_target_float": 0.009564230283576764,
            "tail_small_ok": true,
            "mode_threshold_ok": true,
            "mode_decreasing_ok": true,
            "perturb_threshold_ok": true,
            "lambda_decreasing_ok": true,
            "mixture_decreasing_ok": true,
            "ok": true
          },
          {
            "residue": 1,
            "shift": 232,
            "a0": 421,
            "m0": 358,
            "witness_s": 78,
            "n0": 280,
            "mode_eta": "21424233058754049334492822718269671425157445423885286316537/76923589922469280031518617881879515181174637978557683323632",
            "reserve_eta": "399727221091493232219578370241477056348881442039695591726702911129588390353663721865584607343571814904168720600918122769117099195488249983340788540440750157802083966275861152099/85345357912186668020388681499540138035892588702714807132122201144309828030670034103539257389973883095620082808359134325157267885190999916761977603831630799236656592758847679744",
            "mode_bound_float": 2.785957105579167e-72,
            "mode_target_float": 0.0006615514782937203,
            "perturb_bound_float": 0.0006667637474015205,
            "reserve_target_float": 0.011125043671660114,
            "tail_small_ok": true,
            "mode_threshold_ok": true,
            "mode_decreasing_ok": true,
            "perturb_threshold_ok": true,
            "lambda_decreasing_ok": true,
            "mixture_decreasing_ok": true,
            "ok": true
          },
          {
            "residue": 2,
            "shift": 233,
            "a0": 422,
            "m0": 359,
            "witness_s": 78,
            "n0": 281,
            "mode_eta": "79116925500606009358131786129679307811038423907803548809261/76923589922469280031518617881879515181174637978557683323632",
            "reserve_eta": "123759589484699225404260714358321225667861304157374663116442948027161704781146792388134951626749062401876230999377248220243781077919305559251154224165624408241066145118748419617/28448452637395556006796227166513379345297529567571602377374067048103276010223344701179752463324627698540027602786378108385755961730333305587325867943876933078885530919615893248",
            "mode_bound_float": 1.8551041390230947e-72,
            "mode_target_float": 0.002437235005596342,
            "perturb_bound_float": 0.0005007861811796013,
            "reserve_target_float": 0.010308791593449228,
            "tail_small_ok": true,
            "mode_threshold_ok": true,
            "mode_decreasing_ok": true,
            "perturb_threshold_ok": true,
            "lambda_decreasing_ok": true,
            "mixture_decreasing_ok": true,
            "ok": true
          }
        ]
      },
      "attempts": [
        {
          "threshold": 400,
          "ok": false,
          "max_mode_bound_float": 1.354803568050061e-68,
          "min_mode_target_float": 0.0006962829309041406,
          "max_perturb_bound_float": 0.2719420344690185,
          "min_reserve_target_float": 0.009992479400751843
        },
        {
          "threshold": 420,
          "ok": true,
          "max_mode_bound_float": 4.1591770973362745e-72,
          "min_mode_target_float": 0.0006615514782937203,
          "max_perturb_bound_float": 0.0008877501154180966,
          "min_reserve_target_float": 0.009564230283576764
        }
      ]
    },
    {
      "r": 320,
      "first_ok": {
        "r": 320,
        "threshold": 480,
        "ok": true,
        "max_mode_bound_float": 1.2909383553622485e-82,
        "min_mode_target_float": 0.000318347130685579,
        "max_perturb_bound_float": 0.00013577108139076733,
        "min_reserve_target_float": 0.009602835674381317,
        "residues": [
          {
            "residue": 0,
            "shift": 267,
            "a0": 480,
            "m0": 409,
            "witness_s": 89,
            "n0": 320,
            "mode_eta": "21012540354607808030564271631582186372421498776639651174295879209845/35204254313789750579849458278794830537442608191926873512280054668444",
            "reserve_eta": "9426868832705438756034443597664433233229390751564174964774479312822653893793268215573157841874997726119509275050700910254040677134527024402416442632788783198602251728268068074378612135103028224880884532/2045157361229305315251343825538260600590814386125373247772770381495290066059457143541095875466204479735304086257848409297292862017736269595028303059677297407230889897230666139073573665146261736635065893",
            "mode_bound_float": 1.2909383553622485e-82,
            "mode_target_float": 0.0012434896461254927,
            "perturb_bound_float": 0.00013577108139076733,
            "reserve_target_float": 0.009602835674381317,
            "tail_small_ok": true,
            "mode_threshold_ok": true,
            "mode_decreasing_ok": true,
            "perturb_threshold_ok": true,
            "lambda_decreasing_ok": true,
            "mixture_decreasing_ok": true,
            "ok": true
          },
          {
            "residue": 1,
            "shift": 265,
            "a0": 481,
            "m0": 409,
            "witness_s": 89,
            "n0": 320,
            "mode_eta": "1347662595183626226080705519378484132665114341826375989978540447872/8801063578447437644962364569698707634360652047981718378070013667111",
            "reserve_eta": "10790307073524975632868672814689940300289933675647757129956326233819513937832906311267221758852467379276378665889266516452235918479684537465768644672573648136756178326421845500427661245200536049304261794/2045157361229305315251343825538260600590814386125373247772770381495290066059457143541095875466204479735304086257848409297292862017736269595028303059677297407230889897230666139073573665146261736635065893",
            "mode_bound_float": 8.642040549410478e-83,
            "mode_target_float": 0.000318347130685579,
            "perturb_bound_float": 0.00010195559643187934,
            "reserve_target_float": 0.010968872745051348,
            "tail_small_ok": true,
            "mode_threshold_ok": true,
            "mode_decreasing_ok": true,
            "perturb_threshold_ok": true,
            "lambda_decreasing_ok": true,
            "mixture_decreasing_ok": true,
            "ok": true
          },
          {
            "residue": 2,
            "shift": 266,
            "a0": 482,
            "m0": 410,
            "witness_s": 89,
            "n0": 321,
            "mode_eta": "31793841116076817839209915786610059433742413511250659094124202792821/35204254313789750579849458278794830537442608191926873512280054668444",