{
  "params": {
    "min_n": 1,
    "max_n": 16,
    "lam_min": 0.1,
    "lam_max": 1.9,
    "lam_steps": 19,
    "tol": 1e-10
  },
  "summary": {
    "seen": 32508,
    "checked": 32508,
    "concavity_fail": 0,
    "convexity_fail": 32508,
    "max_d2": -0.0008234519104086679,
    "max_d2_witness": {
      "n": 2,
      "g6": "A_",
      "min_d2": -0.029761904761904878,
      "max_d2": -0.0008234519104086679
    },
    "min_d2": -0.22891916086898112,
    "min_d2_witness": {
      "n": 16,
      "g6": "O????A?WA_D?D?A_?gCC?",
      "min_d2": -0.22891916086898112,
      "max_d2": -0.00532890881395609
    }
  },
  "per_n": {
    "1": {
      "seen": 1,
      "checked": 1,
      "concavity_fail": 0,
      "convexity_fail": 1,
      "max_d2": -0.000912242291552845,
      "max_d2_witness": {
        "n": 1,
        "g6": "@",
        "min_d2": -0.011655011655011704,
        "max_d2": -0.000912242291552845
      },
      "min_d2": -0.011655011655011704,
      "min_d2_witness": {
        "n": 1,
        "g6": "@",
        "min_d2": -0.011655011655011704,
        "max_d2": -0.000912242291552845
      },
      "wall_s": 0.002431154251098633
    },
    "2": {
      "seen": 1,
      "checked": 1,
      "concavity_fail": 0,
      "convexity_fail": 1,
      "max_d2": -0.0008234519104086679,
      "max_d2_witness": {
        "n": 2,
        "g6": "A_",
        "min_d2": -0.029761904761904878,
        "max_d2": -0.0008234519104086679
      },
      "min_d2": -0.029761904761904878,
      "min_d2_witness": {
        "n": 2,
        "g6": "A_",
        "min_d2": -0.029761904761904878,
        "max_d2": -0.0008234519104086679
      },
      "wall_s": 0.001789093017578125
    },
    "3": {
      "seen": 1,
      "checked": 1,
      "concavity_fail": 0,
      "convexity_fail": 1,
      "max_d2": -0.0013444182350066392,
      "max_d2_witness": {
        "n": 3,
        "g6": "BW",
        "min_d2": -0.042279915683425734,
        "max_d2": -0.0013444182350066392
      },
      "min_d2": -0.042279915683425734,
      "min_d2_witness": {
        "n": 3,
        "g6": "BW",
        "min_d2": -0.042279915683425734,
        "max_d2": -0.0013444182350066392
      },
      "wall_s": 0.001615762710571289
    },
    "4": {
      "seen": 2,
      "checked": 2,
      "concavity_fail": 0,
      "convexity_fail": 2,
      "max_d2": -0.0016003998643443484,
      "max_d2_witness": {
        "n": 4,
        "g6": "CU",
        "min_d2": -0.05720157035946499,
        "max_d2": -0.0016003998643443484
      },
      "min_d2": -0.05720157035946499,
      "min_d2_witness": {
        "n": 4,
        "g6": "CU",
        "min_d2": -0.05720157035946499,
        "max_d2": -0.0016003998643443484
      },
      "wall_s": 0.0015988349914550781
    },
    "5": {
      "seen": 3,
      "checked": 3,
      "concavity_fail": 0,
      "convexity_fail": 3,
      "max_d2": -0.0018569625994169225,
      "max_d2_witness": {
        "n": 5,
        "g6": "DQo",
        "min_d2": -0.07135206835415103,
        "max_d2": -0.0018569625994169225
      },
      "min_d2": -0.07135206835415103,
      "min_d2_witness": {
        "n": 5,
        "g6": "DQo",
        "min_d2": -0.07135206835415103,
        "max_d2": -0.0018569625994169225
      },
      "wall_s": 0.0015022754669189453
    },
    "6": {
      "seen": 6,
      "checked": 6,
      "concavity_fail": 0,
      "convexity_fail": 6,
      "max_d2": -0.002256040909466961,
      "max_d2_witness": {
        "n": 6,
        "g6": "ECZ?",
        "min_d2": -0.08571716070305896,
        "max_d2": -0.002256040909466961
      },
      "min_d2": -0.08571716070305896,
      "min_d2_witness": {
        "n": 6,
        "g6": "ECZ?",
        "min_d2": -0.08571716070305896,
        "max_d2": -0.002256040909466961
      },
      "wall_s": 0.001653909683227539
    },
    "7": {
      "seen": 11,
      "checked": 11,
      "concavity_fail": 0,
      "convexity_fail": 11,
      "max_d2": -0.0024755079172500416,
      "max_d2_witness": {
        "n": 7,
        "g6": "FCQb?",
        "min_d2": -0.10002753786324758,
        "max_d2": -0.0024755079172500416
      },
      "min_d2": -0.10002753786324758,
      "min_d2_witness": {
        "n": 7,
        "g6": "FCQb?",
        "min_d2": -0.10002753786324758,
        "max_d2": -0.0024755079172500416
      },
      "wall_s": 0.0019028186798095703
    },
    "8": {
      "seen": 23,
      "checked": 23,
      "concavity_fail": 0,
      "convexity_fail": 23,
      "max_d2": -0.002865224491741536,
      "max_d2_witness": {
        "n": 8,
        "g6": "G?`ad?",
        "min_d2": -0.11435109218325168,
        "max_d2": -0.002865224491741536
      },
      "min_d2": -0.11435109218325168,
      "min_d2_witness": {
        "n": 8,
        "g6": "G?`ad?",
        "min_d2": -0.11435109218325168,
        "max_d2": -0.002865224491741536
      },
      "wall_s": 0.002403736114501953
    },
    "9": {
      "seen": 47,
      "checked": 47,
      "concavity_fail": 0,
      "convexity_fail": 47,
      "max_d2": -0.003117820764441337,
      "max_d2_witness": {
        "n": 9,
        "g6": "H?`D@`O",
        "min_d2": -0.1286715962374102,
        "max_d2": -0.003117820764441337
      },
      "min_d2": -0.1286715962374102,
      "min_d2_witness": {
        "n": 9,
        "g6": "H?`D@`O",
        "min_d2": -0.1286715962374102,
        "max_d2": -0.003117820764441337
      },
      "wall_s": 0.0039250850677490234
    },
    "10": {
      "seen": 106,
      "checked": 106,
      "concavity_fail": 0,
      "convexity_fail": 106,
      "max_d2": -0.0034722812609748743,
      "max_d2_witness": {
        "n": 10,
        "g6": "I?ABA_gc?",
        "min_d2": -0.14299278649002845,
        "max_d2": -0.0034722812609748743
      },
      "min_d2": -0.14299278649002845,
      "min_d2_witness": {
        "n": 10,
        "g6": "I?ABA_gc?",
        "min_d2": -0.14299278649002845,
        "max_d2": -0.0034722812609748743
      },
      "wall_s": 0.0073850154876708984
    },
    "11": {
      "seen": 235,
      "checked": 235,
      "concavity_fail": 0,
      "convexity_fail": 235,
      "max_d2": -0.0037557197969504408,
      "max_d2_witness": {
        "n": 11,
        "g6": "J?AAD?oEAO?",
        "min_d2": -0.15731382561980478,
        "max_d2": -0.0037557197969504408
      },
      "min_d2": -0.15731382561980478,
      "min_d2_witness": {
        "n": 11,
        "g6": "J?AAD?oEAO?",
        "min_d2": -0.15731382561980478,
        "max_d2": -0.0037557197969504408
      },
      "wall_s": 0.01617288589477539
    },
    "12": {
      "seen": 551,
      "checked": 551,
      "concavity_fail": 0,
      "convexity_fail": 551,
      "max_d2": -0.0040866170997340134,
      "max_d2_witness": {
        "n": 12,
        "g6": "K??CB@OI?gP?",
        "min_d2": -0.1716348974961709,
        "max_d2": -0.0040866170997340134
      },
      "min_d2": -0.1716348974961709,
      "min_d2_witness": {
        "n": 12,
        "g6": "K??CB@OI?gP?",
        "min_d2": -0.1716348974961709,
        "max_d2": -0.0040866170997340134
      },
      "wall_s": 0.03637981414794922
    },
    "13": {
      "seen": 1301,
      "checked": 1301,
      "concavity_fail": 0,
      "convexity_fail": 1301,
      "max_d2": -0.004386886413047186,
      "max_d2_witness": {
        "n": 13,
        "g6": "L??CAA_K?o@_P?",
        "min_d2": -0.1859559623658662,
        "max_d2": -0.004386886413047186
      },
      "min_d2": -0.1859559623658662,
      "min_d2_witness": {
        "n": 13,
        "g6": "L??CAA_K?o@_P?",
        "min_d2": -0.1859559623658662,
        "max_d2": -0.004386886413047186
      },
      "wall_s": 0.09046339988708496
    },
    "14": {
      "seen": 3159,
      "checked": 3159,
      "concavity_fail": 0,
      "convexity_fail": 3159,
      "max_d2": -0.004706398495663677,
      "max_d2_witness": {
        "n": 14,
        "g6": "M???C@_S@OA_A_`??",
        "min_d2": -0.2002770287197826,
        "max_d2": -0.004706398495663677
      },
      "min_d2": -0.2002770287197826,