{"1.2": {"phi": 0.054043016653614995, "n": 189, "label": "evolved", "edges": [[0, 1], [0, 6], [0, 11], [0, 18], [0, 31], [1, 2], [1, 3], [1, 54], [1, 57], [1, 110], [1, 128], [2, 157], [3, 104], [4, 165], [5, 22], [6, 188], [6, 114], [7, 98], [8, 93], [9, 11], [10, 24], [10, 93], [10, 52], [10, 119], [10, 79], [10, 41], [11, 12], [11, 13], [11, 15], [11, 16], [11, 17], [11, 23], [14, 67], [16, 109], [17, 49], [17, 125], [18, 20], [18, 73], [18, 24], [19, 59], [19, 20], [19, 67], [19, 82], [20, 21], [20, 63], [20, 62], [21, 27], [21, 35], [21, 70], [21, 58], [21, 71], [22, 161], [24, 43], [24, 102], [25, 90], [25, 167], [26, 79], [27, 29], [27, 34], [28, 47], [30, 63], [30, 61], [30, 99], [30, 33], [32, 67], [33, 173], [35, 84], [36, 63], [37, 52], [38, 133], [39, 144], [40, 44], [42, 70], [43, 47], [43, 44], [43, 56], [43, 164], [44, 50], [44, 48], [45, 71], [46, 47], [47, 51], [47, 149], [47, 141], [49, 185], [52, 105], [52, 134], [53, 119], [55, 56], [56, 75], [59, 107], [59, 115], [59, 92], [59, 160], [60, 94], [63, 98], [63, 64], [63, 145], [64, 69], [64, 121], [65, 102], [65, 183], [66, 94], [66, 112], [67, 140], [67, 101], [67, 97], [68, 87], [70, 150], [70, 139], [71, 159], [71, 175], [72, 122], [72, 102], [72, 143], [73, 76], [73, 74], [74, 85], [74, 90], [74, 94], [74, 144], [74, 163], [76, 153], [76, 161], [76, 100], [76, 118], [76, 169], [77, 163], [78, 153], [79, 171], [80, 100], [81, 85], [82, 174], [83, 128], [85, 138], [85, 137], [86, 87], [86, 96], [87, 102], [87, 123], [88, 161], [89, 120], [90, 158], [91, 93], [93, 156], [94, 117], [94, 132], [95, 182], [98, 103], [100, 116], [100, 127], [100, 165], [102, 131], [102, 133], [106, 110], [108, 151], [108, 188], [110, 142], [111, 119], [113, 118], [114, 182], [114, 176], [114, 166], [116, 152], [116, 146], [116, 168], [116, 162], [117, 124], [117, 126], [118, 147], [119, 154], [120, 131], [125, 172], [128, 130], [128, 129], [130, 179], [135, 176], [136, 137], [137, 155], [138, 178], [145, 180], [145, 187], [148, 153], [153, 170], [163, 181], [166, 184], [170, 177], [172, 186]]}, "1.35": {"phi": 0.10328300787796207, "n": 145, "label": "evolved", "edges": [[0, 1], [0, 46], [0, 6], [0, 11], [0, 114], [1, 35], [1, 2], [1, 33], [1, 36], [1, 3], [1, 40], [4, 130], [4, 13], [4, 99], [5, 16], [5, 62], [5, 54], [5, 94], [5, 102], [5, 134], [6, 7], [6, 8], [6, 9], [6, 73], [9, 55], [10, 46], [11, 13], [11, 15], [11, 16], [11, 58], [11, 78], [12, 13], [12, 96], [12, 29], [13, 14], [13, 38], [13, 135], [13, 98], [14, 122], [14, 110], [14, 139], [15, 49], [15, 75], [16, 27], [16, 108], [17, 38], [18, 62], [19, 38], [20, 49], [21, 106], [22, 46], [23, 38], [24, 49], [25, 80], [25, 140], [26, 57], [27, 30], [27, 28], [27, 34], [27, 44], [27, 72], [30, 41], [30, 143], [31, 75], [32, 51], [34, 136], [37, 109], [37, 80], [38, 39], [42, 120], [43, 56], [45, 54], [46, 123], [46, 141], [47, 50], [48, 50], [49, 51], [49, 50], [49, 90], [49, 119], [50, 77], [51, 64], [51, 83], [52, 114], [53, 56], [56, 57], [56, 84], [57, 58], [57, 67], [57, 121], [57, 137], [58, 85], [59, 60], [60, 98], [61, 98], [63, 72], [65, 88], [66, 93], [67, 68], [67, 69], [67, 70], [71, 85], [74, 105], [74, 85], [74, 101], [74, 111], [75, 97], [75, 87], [75, 138], [76, 78], [76, 80], [79, 97], [80, 95], [80, 106], [80, 126], [80, 107], [80, 128], [81, 85], [82, 88], [85, 88], [85, 89], [86, 88], [90, 132], [91, 100], [92, 124], [93, 108], [97, 117], [97, 115], [97, 118], [97, 116], [98, 104], [98, 113], [100, 112], [100, 108], [102, 103], [108, 120], [108, 124], [114, 131], [114, 127], [114, 133], [124, 125], [126, 144], [129, 135], [142, 143]]}, "1.5": {"phi": 0.18063743187478432, "n": 148, "label": "evolved", "edges": [[0, 1], [0, 13], [0, 22], [0, 31], [1, 2], [1, 4], [1, 6], [1, 8], [1, 9], [1, 11], [1, 37], [1, 5], [3, 27], [4, 76], [6, 7], [9, 10], [11, 12], [13, 14], [13, 16], [13, 17], [13, 18], [13, 20], [13, 21], [13, 43], [13, 65], [14, 15], [16, 19], [20, 36], [22, 23], [22, 24], [22, 25], [22, 28], [22, 29], [22, 30], [22, 41], [22, 26], [22, 81], [27, 31], [31, 32], [31, 34], [31, 35], [31, 38], [31, 40], [31, 62], [31, 45], [32, 33], [38, 94], [39, 51], [40, 42], [42, 48], [43, 44], [46, 67], [46, 144], [47, 138], [48, 49], [49, 50], [49, 91], [49, 115], [50, 54], [50, 51], [50, 56], [50, 72], [50, 78], [51, 75], [51, 135], [51, 52], [51, 55], [51, 109], [51, 105], [51, 99], [53, 95], [53, 92], [54, 63], [54, 98], [54, 95], [54, 67], [54, 82], [54, 64], [54, 87], [56, 68], [56, 57], [56, 58], [56, 73], [56, 61], [56, 60], [58, 90], [58, 86], [59, 123], [60, 127], [60, 119], [61, 118], [61, 141], [66, 68], [69, 87], [69, 137], [70, 106], [70, 112], [70, 124], [71, 102], [71, 110], [72, 106], [72, 84], [73, 83], [74, 79], [77, 93], [78, 89], [78, 93], [78, 117], [79, 118], [80, 89], [80, 145], [82, 128], [84, 100], [84, 88], [84, 101], [84, 111], [84, 121], [85, 120], [85, 143], [88, 147], [89, 129], [89, 102], [92, 139], [93, 103], [93, 107], [93, 122], [93, 131], [96, 129], [96, 130], [96, 134], [97, 147], [101, 142], [103, 136], [104, 116], [106, 132], [108, 142], [112, 133], [112, 125], [113, 138], [114, 144], [115, 116], [123, 128], [124, 126], [132, 138], [135, 143], [137, 140], [145, 146]]}, "1.75": {"phi": 0.3239388374269927, "n": 70, "label": "evolved", "edges": [[0, 1], [0, 11], [0, 19], [0, 26], [0, 33], [0, 40], [1, 2], [1, 4], [1, 24], [1, 6], [1, 9], [1, 10], [3, 40], [5, 40], [6, 42], [7, 19], [8, 26], [11, 12], [11, 14], [11, 15], [11, 16], [11, 18], [11, 35], [13, 40], [17, 40], [19, 20], [19, 21], [19, 22], [19, 23], [19, 25], [26, 27], [26, 28], [26, 30], [26, 29], [26, 32], [31, 40], [33, 34], [33, 36], [33, 37], [33, 38], [33, 39], [40, 41], [42, 43], [42, 47], [42, 50], [42, 57], [43, 44], [43, 65], [43, 59], [43, 60], [43, 46], [43, 62], [45, 65], [47, 69], [47, 55], [47, 66], [48, 69], [49, 50], [50, 51], [50, 52], [50, 53], [50, 54], [50, 58], [50, 56], [55, 61], [55, 64], [63, 66], [66, 67], [66, 68]]}, "2.0": {"phi": 0.44874632912374857, "n": 37, "label": "evolved", "edges": [[0, 1], [0, 8], [0, 15], [0, 25], [0, 32], [0, 14], [0, 21], [0, 19], [1, 5], [1, 4], [1, 6], [2, 14], [3, 32], [7, 19], [8, 10], [8, 35], [8, 36], [9, 14], [11, 32], [12, 21], [13, 32], [14, 23], [15, 16], [15, 18], [15, 22], [15, 24], [17, 21], [19, 20], [19, 30], [21, 26], [21, 29], [25, 27], [25, 31], [25, 33], [25, 34], [28, 32]]}}