{
  "all_epochs_non_unimodal_total": 0,
  "epoch_count": 11,
  "processed_per_epoch": [
    50000,
    50000,
    50000,
    50000,
    50000,
    50000,
    50000,
    50000,
    50000,
    50000,
    50000
  ],
  "source": {
    "command_template": "python3 scripts/analyze_prufer_corpus.py /tmp/erdos993-ramos-sun/60_vertex_output/search_output_${epoch}.txt --limit 0 --target-k 30 --canonicalize --out results/ramos_sun_60_epoch${epoch}_summary.json",
    "corpus_root": "/tmp/erdos993-ramos-sun/60_vertex_output",
    "description": "Aggregate of exact recomputation summaries for Ramos-Sun 60-vertex PatternBoost top-50000 epoch files.",
    "script": "scripts/analyze_prufer_corpus.py"
  },
  "takeaways": {
    "max_lc_ratio_by_epoch": [
      1.29827176778651,
      2.460325097593762,
      3.3106585411016347,
      3.3106585411016347,
      3.3358165094122856,
      3.3358165094122856,
      3.3358165094122856,
      3.3358165094122856,
      3.3358165094122856,
      3.3358165094122856,
      3.3358165094122856
    ],
    "max_near_miss_by_epoch": [
      0.8764440260284707,
      0.8492379210541141,
      0.848627544742322,
      0.8493861559973486,
      0.8493861559973486,
      0.8493861559973486,
      0.8493861559973486,
      0.8493861559973486,
      0.8493940107104357,
      0.8493940107104357,
      0.8493940107104357
    ],
    "non_lc_growth": [
      1,
      282,
      6222,
      20033,
      24163,
      27281,
      30345,
      32708,
      34953,
      37688,
      39766
    ],
    "unique_canonical_by_epoch": [
      50000,
      50000,
      49683,
      38342,
      29393,
      32178,
      32435,
      37787,
      39338,
      38421,
      43595
    ]
  },
  "total_rows_processed": 550000,
  "trend": [
    {
      "alpha_hist": {
        "30": 456,
        "31": 6812,
        "32": 16758,
        "33": 15853,
        "34": 7628,
        "35": 2119,
        "36": 341,
        "37": 30,
        "38": 3
      },
      "d_leaf_le1": 9571,
      "degree2_adjacent_leaf_mean": 9.45232,
      "degree2_mean": 29.40532,
      "epoch": 1,
      "first_descent_hist": {
        "18": 4164,
        "19": 45512,
        "20": 324
      },
      "lc_defect_count_hist": {
        "0": 49999,
        "1": 1
      },
      "lc_position_hist": {
        "30": 1
      },
      "lc_ratio_max": 1.29827176778651,
      "lc_ratio_mean": 0.8615509022597281,
      "lc_ratio_median": 0.8609898952654227,
      "leaves_mean": 17.03382,
      "mode_first_hist": {
        "17": 4164,
        "18": 45512,
        "19": 324
      },
      "mode_minus_mu_mean": 0.17653911615485846,
      "mu_mean": 17.74666088384514,
      "multi_leaf_hub": 40429,
      "near_miss_ratio_max": 0.8764440260284707,
      "near_miss_ratio_mean": 0.7775987374503062,
      "near_miss_ratio_median": 0.7722235532762286,
      "non_log_concave": 1,
      "non_log_concave_fraction": 2e-05,
      "non_unimodal": 0,
      "positive_target_score": 1,
      "processed": 50000,
      "summary_path": "results/ramos_sun_60_epoch01_summary.json",
      "unique_canonical_fraction": 1.0,
      "unique_canonical_graph6": 50000
    },
    {
      "alpha_hist": {
        "30": 11497,
        "31": 34804,
        "32": 3698,
        "33": 1
      },
      "d_leaf_le1": 39577,
      "degree2_adjacent_leaf_mean": 10.466,
      "degree2_mean": 38.3145,
      "epoch": 2,
      "first_descent_hist": {
        "18": 47780,
        "19": 2220
      },
      "lc_defect_count_hist": {
        "0": 49718,
        "1": 282
      },
      "lc_position_hist": {
        "30": 282
      },
      "lc_ratio_max": 2.460325097593762,
      "lc_ratio_mean": 0.8565968865250679,
      "lc_ratio_median": 0.854411847899117,
      "leaves_mean": 12.16934,
      "mode_first_hist": {
        "17": 47780,
        "18": 2220
      },
      "mode_minus_mu_mean": -0.21675786428449853,
      "mu_mean": 17.2611578642845,
      "multi_leaf_hub": 10423,
      "near_miss_ratio_max": 0.8492379210541141,
      "near_miss_ratio_mean": 0.8169959968869012,
      "near_miss_ratio_median": 0.8220565667718186,
      "non_log_concave": 282,
      "non_log_concave_fraction": 0.00564,
      "non_unimodal": 0,
      "positive_target_score": 282,
      "processed": 50000,
      "summary_path": "results/ramos_sun_60_epoch02_summary.json",
      "unique_canonical_fraction": 1.0,
      "unique_canonical_graph6": 50000
    },
    {
      "alpha_hist": {
        "30": 35615,
        "31": 14383,
        "32": 2
      },
      "d_leaf_le1": 49981,
      "degree2_adjacent_leaf_mean": 9.08124,
      "degree2_mean": 43.68742,
      "epoch": 3,
      "first_descent_hist": {
        "18": 47256,
        "19": 2744
      },
      "lc_defect_count_hist": {
        "0": 43778,
        "1": 6222
      },
      "lc_position_hist": {
        "30": 6222
      },
      "lc_ratio_max": 3.3106585411016347,
      "lc_ratio_mean": 0.9035735220230698,
      "lc_ratio_median": 0.8519966495626194,
      "leaves_mean": 9.47636,
      "mode_first_hist": {
        "17": 47256,
        "18": 2744
      },
      "mode_minus_mu_mean": -0.061037531486656374,
      "mu_mean": 17.115917531486655,
      "multi_leaf_hub": 19,
      "near_miss_ratio_max": 0.848627544742322,
      "near_miss_ratio_mean": 0.7916461444314481,
      "near_miss_ratio_median": 0.7927635395814865,
      "non_log_concave": 6222,
      "non_log_concave_fraction": 0.12444,
      "non_unimodal": 0,
      "positive_target_score": 6222,
      "processed": 50000,
      "summary_path": "results/ramos_sun_60_epoch03_summary.json",
      "unique_canonical_fraction": 0.99366,
      "unique_canonical_graph6": 49683
    },
    {
      "alpha_hist": {
        "30": 28867,
        "31": 21131,
        "32": 2
      },
      "d_leaf_le1": 49998,
      "degree2_adjacent_leaf_mean": 8.07486,
      "degree2_mean": 44.99242,
      "epoch": 4,
      "first_descent_hist": {
        "18": 39858,
        "19": 10142
      },
      "lc_defect_count_hist": {
        "0": 29967,
        "1": 20033
      },
      "lc_position_hist": {
        "30": 20033
      },
      "lc_ratio_max": 3.3106585411016347,
      "lc_ratio_mean": 1.021066652084799,
      "lc_ratio_median": 0.850496016348612,
      "leaves_mean": 8.99544,
      "mode_first_hist": {
        "17": 39858,
        "18": 10142
      },
      "mode_minus_mu_mean": 0.08933416005962014,
      "mu_mean": 17.11350583994038,
      "multi_leaf_hub": 2,
      "near_miss_ratio_max": 0.8493861559973486,
      "near_miss_ratio_mean": 0.77080170608882,
      "near_miss_ratio_median": 0.7643270227379206,
      "non_log_concave": 20033,
      "non_log_concave_fraction": 0.40066,
      "non_unimodal": 0,
      "positive_target_score": 20033,
      "processed": 50000,
      "summary_path": "results/ramos_sun_60_epoch04_summary.json",
      "unique_canonical_fraction": 0.76684,
      "unique_canonical_graph6": 38342
    },
    {
      "alpha_hist": {
        "30": 25582,
        "31": 24416,
        "32": 2
      },
      "d_leaf_le1": 49998,
      "degree2_adjacent_leaf_mean": 7.78088,
      "degree2_mean": 45.32036,
      "epoch": 5,
      "first_descent_hist": {
        "18": 38326,
        "19": 11674
      },
      "lc_defect_count_hist": {
        "0": 25837,
        "1": 24163
      },
      "lc_position_hist": {
        "30": 24163
      },
      "lc_ratio_max": 3.3358165094122856,
      "lc_ratio_mean": 1.0530517778420452,
      "lc_ratio_median": 0.8499447893315806,
      "leaves_mean": 8.86564,
      "mode_first_hist": {
        "17": 38326,
        "18": 11674
      },
      "mode_minus_mu_mean": 0.12441325096752771,
      "mu_mean": 17.109066749032472,
      "multi_leaf_hub": 2,
      "near_miss_ratio_max": 0.8493861559973486,
      "near_miss_ratio_mean": 0.7656797001165737,
      "near_miss_ratio_median": 0.7507240142802825,
      "non_log_concave": 24163,
      "non_log_concave_fraction": 0.48326,
      "non_unimodal": 0,
      "positive_target_score": 24163,