{
  "baseline_max_sumerr_over_D": 1.0719730974344541,
  "coarse_grid": {
    "best": {
      "alpha": 1.0,
      "beta": 1.0,
      "gamma": 1.0,
      "witness": {
        "C01": 24217,
        "C10": 24684,
        "C11": 6552,
        "D": 93643,
        "X": -18689,
        "g6": "Q???????????????O?A??g?B^~?",
        "k": 3,
        "n": 18,
        "root": 0,
        "step": 2,
        "sum_err": 84920
      },
      "worst_ratio": 0.5695659172613619
    },
    "values": [
      0.0,
      0.1,
      0.2,
      0.3,
      0.4,
      0.5,
      0.6,
      0.7,
      0.8,
      0.9,
      1.0
    ]
  },
  "fine_grid": {
    "alpha_values": [
      0.8,
      0.85,
      0.9,
      0.95,
      1.0,
      1.05,
      1.1,
      1.15,
      1.2
    ],
    "best": {
      "alpha": 1.2,
      "beta": 1.2,
      "gamma": 1.2,
      "witness": {
        "C01": 24217,
        "C10": 24684,
        "C11": 6552,
        "D": 93643,
        "X": -18689,
        "g6": "Q???????????????O?A??g?B^~?",
        "k": 3,
        "n": 18,
        "root": 0,
        "step": 2,
        "sum_err": 84920
      },
      "worst_ratio": 0.5301317338653795
    },
    "beta_values": [
      0.8,
      0.85,
      0.9,
      0.95,
      1.0,
      1.05,
      1.1,
      1.15,
      1.2
    ],
    "gamma_values": [
      0.8,
      0.85,
      0.9,
      0.95,
      1.0,
      1.05,
      1.1,
      1.15,
      1.2
    ]
  },
  "max_n": 18,
  "rows_xneg": 135976
}