{
  "even_bound_fail": 0,
  "global_bound_fail": 0,
  "lambda0": 0.05201381704686925,
  "max_n": 18,
  "odd_over_r_fail": 38219,
  "odd_over_r_fail_with_comp": 38219,
  "pair_rows": [
    {
      "a": 2,
      "b": 14,
      "count": 68908,
      "max_needed_global_lambda": 0.05201381704686925,
      "max_needed_odd_lambda": 0.5098010928173408,
      "max_odd_surplus_over_even_slack": 1.0,
      "odd_over_r_fail": 34969,
      "odd_over_r_fail_with_comp": 34969,
      "witness_comp_ratio": {
        "C01": 772310,
        "C10": 789600,
        "C11": 434175,
        "D": 1442539,
        "R_shift": 1996085,
        "X": -135037,
        "comp_ratio": 1.0,
        "even_err": 788846,
        "even_slack": 653693,
        "g6": "Q???????????????O?E??NwA_^?",
        "k": 5,
        "n": 18,
        "needed_global_lambda": 0.05201381704686925,
        "needed_odd_lambda": 0.3795013739394865,
        "odd_err": 757517,
        "odd_surplus": 653693.0,
        "root": 0,
        "step": 2,
        "sum_err": 1546363
      },
      "witness_global_lambda": {
        "C01": 772310,
        "C10": 789600,
        "C11": 434175,
        "D": 1442539,
        "R_shift": 1996085,
        "X": -135037,
        "comp_ratio": 1.0,
        "even_err": 788846,
        "even_slack": 653693,
        "g6": "Q???????????????O?E??NwA_^?",
        "k": 5,
        "n": 18,
        "needed_global_lambda": 0.05201381704686925,
        "needed_odd_lambda": 0.3795013739394865,
        "odd_err": 757517,
        "odd_surplus": 653693.0,
        "root": 0,
        "step": 2,
        "sum_err": 1546363
      },
      "witness_odd_lambda": {
        "C01": 24217,
        "C10": 24684,
        "C11": 6552,
        "D": 93643,
        "R_shift": 55453,
        "X": -18689,
        "comp_ratio": 0.6862292272402877,
        "even_err": 56650,
        "even_slack": 36993,
        "g6": "Q???????????????O?A??g?B^~?",
        "k": 3,
        "n": 18,
        "needed_global_lambda": 0.0,
        "needed_odd_lambda": 0.5098010928173408,
        "odd_err": 28270,
        "odd_surplus": 25385.67780329996,
        "root": 0,
        "step": 2,
        "sum_err": 84920
      }
    },
    {
      "a": 2,
      "b": 13,
      "count": 28443,
      "max_needed_global_lambda": 0.023760967407659456,
      "max_needed_odd_lambda": 0.48333736786895826,
      "max_odd_surplus_over_even_slack": 0.908653540871964,
      "odd_over_r_fail": 2922,
      "odd_over_r_fail_with_comp": 2922,
      "witness_comp_ratio": {
        "C01": 93456,
        "C10": 95982,
        "C11": 43488,
        "D": 213654,
        "R_shift": 232926,
        "X": -13204,
        "comp_ratio": 0.908653540871964,
        "even_err": 118649,
        "even_slack": 95005,
        "g6": "P?????????????_?W?D{?G^_",
        "k": 4,
        "n": 17,
        "needed_global_lambda": 0.014755759339876183,
        "needed_odd_lambda": 0.42263208057494656,
        "odd_err": 98442,
        "odd_surplus": 86326.62965054094,
        "root": 0,
        "step": 2,
        "sum_err": 217091
      },
      "witness_global_lambda": {
        "C01": 341254,
        "C10": 350274,
        "C11": 213654,
        "D": 576022,
        "R_shift": 905182,
        "X": -17858,
        "comp_ratio": 0.9083228922661227,
        "even_err": 297065,
        "even_slack": 278957,
        "g6": "P?????????????_?W?D{?G^_",
        "k": 5,
        "n": 17,
        "needed_global_lambda": 0.023760967407659456,
        "needed_odd_lambda": 0.3319387703246419,
        "odd_err": 300465,
        "odd_surplus": 253383.0290578808,
        "root": 0,
        "step": 2,
        "sum_err": 597530
      },
      "witness_odd_lambda": {
        "C01": 16026,
        "C10": 16395,
        "C11": 4758,
        "D": 56970,
        "R_shift": 37179,
        "X": -8240,
        "comp_ratio": 0.6783493357028109,
        "even_err": 33330,
        "even_slack": 23640,
        "g6": "P?????????????_?G?D??v~_",
        "k": 3,
        "n": 17,
        "needed_global_lambda": 0.0,
        "needed_odd_lambda": 0.48333736786895826,
        "odd_err": 17970,
        "odd_surplus": 16036.178296014448,
        "root": 0,
        "step": 2,
        "sum_err": 51300
      }
    },
    {
      "a": 3,
      "b": 13,
      "count": 25412,
      "max_needed_global_lambda": 0.04386927442810327,
      "max_needed_odd_lambda": 0.5594421324935328,
      "max_odd_surplus_over_even_slack": 0.9731244541431817,
      "odd_over_r_fail": 114,
      "odd_over_r_fail_with_comp": 114,
      "witness_comp_ratio": {
        "C01": 627286,
        "C10": 643914,
        "C11": 356454,
        "D": 1176190,
        "R_shift": 1627654,
        "X": -23332,
        "comp_ratio": 0.9731244541431817,
        "even_err": 682935,
        "even_slack": 493255,
        "g6": "Q???????????????O?F??fo?O~?",
        "k": 5,
        "n": 18,
        "needed_global_lambda": 0.04386927442810327,
        "needed_odd_lambda": 0.3469158678687239,
        "odd_err": 564659,
        "odd_surplus": 479998.5026283951,
        "root": 0,
        "step": 2,
        "sum_err": 1247594
      },
      "witness_global_lambda": {
        "C01": 627286,
        "C10": 643914,
        "C11": 356454,
        "D": 1176190,
        "R_shift": 1627654,
        "X": -23332,
        "comp_ratio": 0.9731244541431817,
        "even_err": 682935,
        "even_slack": 493255,
        "g6": "Q???????????????O?F??fo?O~?",
        "k": 5,
        "n": 18,
        "needed_global_lambda": 0.04386927442810327,
        "needed_odd_lambda": 0.3469158678687239,
        "odd_err": 564659,
        "odd_surplus": 479998.5026283951,
        "root": 0,
        "step": 2,
        "sum_err": 1247594
      },
      "witness_odd_lambda": {
        "C01": 19246,
        "C10": 19823,
        "C11": 5386,
        "D": 74754,
        "R_shift": 44455,
        "X": -3320,
        "comp_ratio": 0.6976472370625789,
        "even_err": 42420,
        "even_slack": 32334,
        "g6": "Q???????????????O?A??k?BN~?",
        "k": 3,
        "n": 18,
        "needed_global_lambda": 0.0,
        "needed_odd_lambda": 0.5594421324935328,
        "odd_err": 24870,
        "odd_surplus": 22557.72576318143,
        "root": 0,
        "step": 2,
        "sum_err": 67290
      }
    },
    {
      "a": 2,
      "b": 12,
      "count": 8098,
      "max_needed_global_lambda": 0.0,
      "max_needed_odd_lambda": 0.4515727962203158,
      "max_odd_surplus_over_even_slack": 0.659616763032026,
      "odd_over_r_fail": 188,
      "odd_over_r_fail_with_comp": 188,
      "witness_comp_ratio": {
        "C01": 10239,
        "C10": 10524,
        "C11": 3366,
        "D": 33246,
        "R_shift": 24129,
        "X": -2646,
        "comp_ratio": 0.659616763032026,
        "even_err": 18630,
        "even_slack": 14616,
        "g6": "O???????????_?O?S?E~w",
        "k": 3,
        "n": 16,
        "needed_global_lambda": 0.0,
        "needed_odd_lambda": 0.4515727962203158,
        "odd_err": 10896,
        "odd_surplus": 9640.958608476092,
        "root": 0,
        "step": 2,
        "sum_err": 29526
      },
      "witness_global_lambda": null,
      "witness_odd_lambda": {
        "C01": 10239,
        "C10": 10524,
        "C11": 3366,
        "D": 33246,
        "R_shift": 24129,
        "X": -2646,
        "comp_ratio": 0.659616763032026,
        "even_err": 18630,
        "even_slack": 14616,
        "g6": "O???????????_?O?S?E~w",
        "k": 3,
        "n": 16,
        "needed_global_lambda": 0.0,
        "needed_odd_lambda": 0.4515727962203158,
        "odd_err": 10896,
        "odd_surplus": 9640.958608476092,
        "root": 0,
        "step": 2,
        "sum_err": 29526
      }
    },
    {
      "a": 3,
      "b": 12,
      "count": 2704,
      "max_needed_global_lambda": 0.0,
      "max_needed_odd_lambda": 0.4895987634443228,
      "max_odd_surplus_over_even_slack": 0.5841614188559248,
      "odd_over_r_fail": 10,
      "odd_over_r_fail_with_comp": 10,