{
  "delta": 0.029429839679201916,
  "fail_axis_extra_lambda0": 12,
  "fail_defect_le_delta_rshift": 1,
  "fail_local_lemma": 5417,
  "fail_ring_extra_lambda0": 4,
  "lambda0": 0.05201381704686925,
  "lambda19": 0.08144365672607116,
  "max_n": 19,
  "max_ratio_axis": 2.014977327129186,
  "max_ratio_defect_over_delta_rshift": 1.0225408414008559,
  "max_ratio_local_lhs_over_rhs": 4.470112793366624,
  "max_ratio_ring": 1.2355506702667347,
  "witness_axis": {
    "a": 3,
    "b": 14,
    "deficit": 98968.93097087549,
    "g6": "R?????????????????C??w?A^_?_~?",
    "k": 5,
    "n": 19,
    "ratio": 2.014977327129186,
    "rhs": 49116.64743735863,
    "root": 0,
    "step": 2
  },
  "witness_defect": {
    "a": 3,
    "b": 14,
    "defect": 101199.77394750225,
    "g6": "R?????????????????C??w?A^_?_~?",
    "k": 5,
    "n": 19,
    "ratio": 1.0225408414008559,
    "rhs": 98968.9309708755,
    "root": 0,
    "step": 2
  },
  "witness_local": {
    "a": 3,
    "b": 14,
    "g6": "R?????????????????E??g??^o?_^_",
    "k": 5,
    "local": {
      "Kt": 300825,
      "e_tp1": 0.0,
      "lamt": 8,
      "lhs": 316599.54789500445,
      "rhs": 70825.85217196733,
      "t": 1
    },
    "n": 19,
    "ratio": 4.470112793366624,
    "root": 15,
    "step": 2
  },
  "witness_ring": {
    "a": 3,
    "b": 14,
    "deficit": 98968.93097087549,
    "g6": "R?????????????????C??w?A^_?_~?",
    "k": 5,
    "n": 19,
    "ratio": 1.2355506702667347,
    "rhs": 80101.07019691046,
    "root": 0,
    "step": 2
  },
  "xneg_total": 428434
}