{
  "extras": {
    "X1_C20": {
      "needed_c": 0.20453408622242417,
      "terms": [
        [
          2,
          0
        ]
      ],
      "witness": {
        "a": 3,
        "b": 14,
        "deficit": 98968.93097087549,
        "extra": 483875,
        "g6": "R?????????????????C??w?A^_?_~?",
        "k": 5,
        "n": 19,
        "needed_c": 0.20453408622242417,
        "root": 0,
        "step": 2,
        "terms": [
          [
            2,
            0
          ]
        ]
      }
    },
    "X2_C02": {
      "needed_c": 0.2149512536697084,
      "terms": [
        [
          0,
          2
        ]
      ],
      "witness": {
        "a": 3,
        "b": 14,
        "deficit": 98968.93097087549,
        "extra": 460425,
        "g6": "R?????????????????C??w?A^_?_~?",
        "k": 5,
        "n": 19,
        "needed_c": 0.2149512536697084,
        "root": 0,
        "step": 2,
        "terms": [
          [
            0,
            2
          ]
        ]
      }
    },
    "X3_C20_C02": {
      "needed_c": 0.1048066620468871,
      "terms": [
        [
          2,
          0
        ],
        [
          0,
          2
        ]
      ],
      "witness": {
        "a": 3,
        "b": 14,
        "deficit": 98968.93097087549,
        "extra": 944300,
        "g6": "R?????????????????C??w?A^_?_~?",
        "k": 5,
        "n": 19,
        "needed_c": 0.1048066620468871,
        "root": 0,
        "step": 2,
        "terms": [
          [
            2,
            0
          ],
          [
            0,
            2
          ]
        ]
      }
    },
    "X4_C20_C02_C21": {
      "needed_c": 0.08264069901816704,
      "terms": [
        [
          2,
          0
        ],
        [
          0,
          2
        ],
        [
          2,
          1
        ]
      ],
      "witness": {
        "a": 3,
        "b": 14,
        "deficit": 98968.93097087549,
        "extra": 1197581,
        "g6": "R?????????????????C??w?A^_?_~?",
        "k": 5,
        "n": 19,
        "needed_c": 0.08264069901816704,
        "root": 0,
        "step": 2,
        "terms": [
          [
            2,
            0
          ],
          [
            0,
            2
          ],
          [
            2,
            1
          ]
        ]
      }
    },
    "X5_C20_C02_C12": {
      "needed_c": 0.08310634062872929,
      "terms": [
        [
          2,
          0
        ],
        [
          0,
          2
        ],
        [
          1,
          2
        ]
      ],
      "witness": {
        "a": 3,
        "b": 14,
        "deficit": 98968.93097087549,
        "extra": 1190871,
        "g6": "R?????????????????C??w?A^_?_~?",
        "k": 5,
        "n": 19,
        "needed_c": 0.08310634062872929,
        "root": 0,
        "step": 2,
        "terms": [
          [
            2,
            0
          ],
          [
            0,
            2
          ],
          [
            1,
            2
          ]
        ]
      }
    },
    "X6_C20_C02_C21_C12": {
      "needed_c": 0.06853082706728619,
      "terms": [
        [
          2,
          0
        ],
        [
          0,
          2
        ],
        [
          2,
          1
        ],
        [
          1,
          2
        ]
      ],
      "witness": {
        "a": 3,
        "b": 14,
        "deficit": 98968.93097087549,
        "extra": 1444152,
        "g6": "R?????????????????C??w?A^_?_~?",
        "k": 5,
        "n": 19,
        "needed_c": 0.06853082706728619,
        "root": 0,
        "step": 2,
        "terms": [
          [
            2,
            0
          ],
          [
            0,
            2
          ],
          [
            2,
            1
          ],
          [
            1,
            2
          ]
        ]
      }
    },
    "X7_C20_C02_C30": {
      "needed_c": 0.09364289753090758,
      "terms": [
        [
          2,
          0
        ],
        [
          0,
          2
        ],
        [
          3,
          0
        ]
      ],
      "witness": {
        "a": 3,
        "b": 14,
        "deficit": 98968.93097087549,
        "extra": 1056876,
        "g6": "R?????????????????C??w?A^_?_~?",
        "k": 5,
        "n": 19,
        "needed_c": 0.09364289753090758,
        "root": 0,
        "step": 2,
        "terms": [
          [
            2,
            0
          ],
          [
            0,
            2
          ],
          [
            3,
            0
          ]
        ]
      }
    }
  },
  "lambda0": 0.05201381704686925,
  "max_n": 19,
  "needed_lambda_on_rshift": 0.08144365672607116,
  "witness_lambda": {
    "a": 3,
    "b": 14,
    "g6": "R?????????????????C??w?A^_?_~?",
    "k": 5,
    "n": 19,
    "needed_lambda": 0.08144365672607116,
    "root": 0,
    "step": 2
  },
  "xneg_total": 428434
}