{
  "fail_d_le_e": 2400,
  "fail_d_le_eep": 5,
  "fail_sumd_lesume": 33,
  "lambda0": 0.05201381704686925,
  "max_n": 19,
  "odd_slots": 2287465,
  "pair_rows": [
    {
      "a": 2,
      "b": 15,
      "fail_d_le_e": 1621,
      "fail_d_le_eep": 5,
      "max_ratio_d_over_e": 6.304357637529303,
      "max_ratio_d_over_eep": 1.011709737706891,
      "odd_slots": 954640,
      "witness_d_over_e": {
        "d_t": 4687264.686072486,
        "e_t": 743496,
        "e_t_plus": 6439329,
        "even_err_t": 2345304,
        "even_err_tp1": 3786783,
        "even_rhs_t": 3088800,
        "even_rhs_tp1": 9482616,
        "g6": "R?????????????????C??o?A{?@F~?",
        "k": 7,
        "n": 19,
        "odd_err_t": 5176743,
        "odd_local_rhs_t": 489478.31392751314,
        "root": 0,
        "step": 2,
        "t": 0
      },
      "witness_d_over_eep": {
        "d_t": 1445177.7865371464,
        "e_t": 420289,
        "e_t_plus": 1428451,
        "even_err_t": 1294195,
        "even_err_tp1": 644838,
        "even_rhs_t": 1714484,
        "even_rhs_tp1": 1653000,
        "g6": "R?????????????????C??o?A~?@@~?",
        "k": 5,
        "n": 19,
        "odd_err_t": 1574952,
        "odd_local_rhs_t": 129774.21346285354,
        "root": 0,
        "step": 2,
        "t": 0
      }
    },
    {
      "a": 2,
      "b": 14,
      "fail_d_le_e": 241,
      "fail_d_le_eep": 0,
      "max_ratio_d_over_e": 5.0609468443331025,
      "max_ratio_d_over_eep": 0.0,
      "odd_slots": 545078,
      "witness_d_over_e": {
        "d_t": 1149705.4165208396,
        "e_t": 227172,
        "e_t_plus": 1480923,
        "even_err_t": 678348,
        "even_err_tp1": 799326,
        "even_rhs_t": 905520,
        "even_rhs_tp1": 2053077,
        "g6": "Q???????????????O?E??n??B~G",
        "k": 6,
        "n": 18,
        "odd_err_t": 1267200,
        "odd_local_rhs_t": 117494.58347916046,
        "root": 0,
        "step": 2,
        "t": 0
      },
      "witness_d_over_eep": null
    },
    {
      "a": 3,
      "b": 14,
      "fail_d_le_e": 382,
      "fail_d_le_eep": 0,
      "max_ratio_d_over_e": 9.637469978150735,
      "max_ratio_d_over_eep": 0.0,
      "odd_slots": 408078,
      "witness_d_over_e": {
        "d_t": 1678076.2725956058,
        "e_t": 174120,
        "e_t_plus": 2952060,
        "even_err_t": 519672,
        "even_err_tp1": 4013460,
        "even_rhs_t": 693792,
        "even_rhs_tp1": 6791400,
        "g6": "R?????????????????C??w?A[??f~?",
        "k": 7,
        "n": 19,
        "odd_err_t": 1813896,
        "odd_local_rhs_t": 135819.7274043941,
        "root": 0,
        "step": 2,
        "t": 0
      },
      "witness_d_over_eep": null
    },
    {
      "a": 2,
      "b": 13,
      "fail_d_le_e": 78,
      "fail_d_le_eep": 0,
      "max_ratio_d_over_e": 3.9547416924673615,
      "max_ratio_d_over_eep": 0.0,
      "odd_slots": 155085,
      "witness_d_over_e": {
        "d_t": 233839.9215339026,
        "e_t": 59129,
        "e_t_plus": 289353,
        "even_err_t": 165965,
        "even_err_tp1": 136976,
        "even_rhs_t": 225094,
        "even_rhs_tp1": 367200,
        "g6": "P?????????????_?W?@}?_Nc",
        "k": 5,
        "n": 17,
        "odd_err_t": 257475,
        "odd_local_rhs_t": 23635.078466097388,
        "root": 0,
        "step": 2,
        "t": 0
      },
      "witness_d_over_eep": null
    },
    {
      "a": 3,
      "b": 13,
      "fail_d_le_e": 59,
      "fail_d_le_eep": 0,
      "max_ratio_d_over_e": 7.6661629283902375,
      "max_ratio_d_over_eep": 0.0,
      "odd_slots": 152640,
      "witness_d_over_e": {
        "d_t": 450916.03728498536,
        "e_t": 58819,
        "e_t_plus": 743205,
        "even_err_t": 164327,
        "even_err_tp1": 929632,
        "even_rhs_t": 223146,
        "even_rhs_tp1": 1614018,
        "g6": "Q???????????????O?F??f_?@~G",
        "k": 6,
        "n": 18,
        "odd_err_t": 486508,
        "odd_local_rhs_t": 35591.96271501464,
        "root": 0,
        "step": 2,
        "t": 0
      },
      "witness_d_over_eep": null
    },
    {
      "a": 2,
      "b": 12,
      "fail_d_le_e": 12,
      "fail_d_le_eep": 0,
      "max_ratio_d_over_e": 1.2595027987624758,
      "max_ratio_d_over_eep": 0.0,
      "odd_slots": 43468,
      "witness_d_over_e": {
        "d_t": 6762.270526555732,
        "e_t": 5369,
        "e_t_plus": 11391,
        "even_err_t": 11605,
        "even_err_tp1": 1898,
        "even_rhs_t": 16974,
        "even_rhs_tp1": 7920,
        "g6": "O???????????_?o?V_@Fw",
        "k": 3,
        "n": 16,
        "odd_err_t": 7596,
        "odd_local_rhs_t": 833.7294734442672,
        "root": 0,
        "step": 2,
        "t": 0
      },
      "witness_d_over_eep": null
    },
    {
      "a": 3,
      "b": 12,
      "fail_d_le_e": 2,
      "fail_d_le_eep": 0,
      "max_ratio_d_over_e": 1.600915505548106,
      "max_ratio_d_over_eep": 0.0,
      "odd_slots": 16224,
      "witness_d_over_e": {
        "d_t": 13073.076018305834,
        "e_t": 8166,
        "e_t_plus": 23262,
        "even_err_t": 16170,
        "even_err_tp1": 8664,
        "even_rhs_t": 24336,
        "even_rhs_tp1": 23760,
        "g6": "P?????????????_?K?A_?b~g",
        "k": 3,
        "n": 17,
        "odd_err_t": 14112,
        "odd_local_rhs_t": 1038.9239816941663,
        "root": 14,
        "step": 2,
        "t": 0
      },
      "witness_d_over_eep": null
    },
    {
      "a": 2,
      "b": 11,
      "fail_d_le_e": 1,
      "fail_d_le_eep": 0,
      "max_ratio_d_over_e": 1.2366878534506216,
      "max_ratio_d_over_eep": 0.0,
      "odd_slots": 9692,
      "witness_d_over_e": {
        "d_t": 5384.538913924006,
        "e_t": 4354,
        "e_t_plus": 8698,
        "even_err_t": 8190,
        "even_err_tp1": 1596,
        "even_rhs_t": 12544,
        "even_rhs_tp1": 5940,
        "g6": "N?????????O?O?g?Z~?",
        "k": 3,
        "n": 15,
        "odd_err_t": 6006,
        "odd_local_rhs_t": 621.4610860759938,
        "root": 0,
        "step": 2,
        "t": 0
      },
      "witness_d_over_eep": null
    },
    {
      "a": 2,
      "b": 10,
      "fail_d_le_e": 0,
      "fail_d_le_eep": 0,
      "max_ratio_d_over_e": 0.0,
      "max_ratio_d_over_eep": 0.0,
      "odd_slots": 2295,
      "witness_d_over_e": null,
      "witness_d_over_eep": null
    },
    {
      "a": 4,
      "b": 13,
      "fail_d_le_e": 4,
      "fail_d_le_eep": 0,
      "max_ratio_d_over_e": 2.019777098285278,
      "max_ratio_d_over_eep": 0.0,
      "odd_slots": 174,
      "witness_d_over_e": {
        "d_t": 142969.9219021234,
        "e_t": 70785,
        "e_t_plus": 414953,
        "even_err_t": 174240,
        "even_err_tp1": 333432,
        "even_rhs_t": 245025,
        "even_rhs_tp1": 677600,
        "g6": "R?????????????????C??o?@_?C~~?",
        "k": 4,
        "n": 19,
        "odd_err_t": 156816,
        "odd_local_rhs_t": 13846.078097876594,
        "root": 0,
        "step": 2,
        "t": 0
      },
      "witness_d_over_eep": null
    },
    {
      "a": 3,
      "b": 11,
      "fail_d_le_e": 0,
      "fail_d_le_eep": 0,
      "max_ratio_d_over_e": 0.0,
      "max_ratio_d_over_eep": 0.0,
      "odd_slots": 66,
      "witness_d_over_e": null,
      "witness_d_over_eep": null
    },
    {
      "a": 2,
      "b": 9,
      "fail_d_le_e": 0,
      "fail_d_le_eep": 0,
      "max_ratio_d_over_e": 0.0,
      "max_ratio_d_over_eep": 0.0,
      "odd_slots": 25,
      "witness_d_over_e": null,
      "witness_d_over_eep": null
    }
  ],
  "scope": "support-root step-prefix X<0, boundary-correct indexing",
  "total_xneg": 428422,
  "w_max_ratio_d_over_e": {
    "a": 3,
    "b": 14,
    "extra": {
      "d_t": 1678076.2725956058,
      "e_t": 174120,
      "e_t_plus": 2952060
    },
    "g6": "R?????????????????C??w?A[??f~?",
    "k": 7,
    "n": 19,
    "root": 0,
    "step": 2,
    "t": 0,
    "value": 9.637469978150735
  },
  "w_max_ratio_d_over_eep": {
    "a": 2,
    "b": 15,