{
  "delta": 0.029429839679201916,
  "extra_candidates": {
    "axis": {
      "needed_c": 0.002362430346951976,
      "terms": [
        [
          2,
          0
        ],
        [
          0,
          2
        ]
      ],
      "witness": {
        "a": 3,
        "b": 14,
        "cneed": 0.002362430346951976,
        "extra": 944300,
        "g6": "R?????????????????C??w?A^_?_~?",
        "k": 5,
        "n": 19,
        "resid": 2230.842976626751,
        "root": 0,
        "step": 2
      }
    },
    "axis_plus_c12": {
      "needed_c": 0.0018732868435176865,
      "terms": [
        [
          2,
          0
        ],
        [
          0,
          2
        ],
        [
          1,
          2
        ]
      ],
      "witness": {
        "a": 3,
        "b": 14,
        "cneed": 0.0018732868435176865,
        "extra": 1190871,
        "g6": "R?????????????????C??w?A^_?_~?",
        "k": 5,
        "n": 19,
        "resid": 2230.842976626751,
        "root": 0,
        "step": 2
      }
    },
    "axis_plus_c21": {
      "needed_c": 0.0018627908898243633,
      "terms": [
        [
          2,
          0
        ],
        [
          0,
          2
        ],
        [
          2,
          1
        ]
      ],
      "witness": {
        "a": 3,
        "b": 14,
        "cneed": 0.0018627908898243633,
        "extra": 1197581,
        "g6": "R?????????????????C??w?A^_?_~?",
        "k": 5,
        "n": 19,
        "resid": 2230.842976626751,
        "root": 0,
        "step": 2
      }
    },
    "axis_plus_c21_c12": {
      "needed_c": 0.0015447425039931744,
      "terms": [
        [
          2,
          0
        ],
        [
          0,
          2
        ],
        [
          2,
          1
        ],
        [
          1,
          2
        ]
      ],
      "witness": {
        "a": 3,
        "b": 14,
        "cneed": 0.0015447425039931744,
        "extra": 1444152,
        "g6": "R?????????????????C??w?A^_?_~?",
        "k": 5,
        "n": 19,
        "resid": 2230.842976626751,
        "root": 0,
        "step": 2
      }
    },
    "none": {
      "needed_c": Infinity,
      "terms": [],
      "witness": {
        "a": 3,
        "b": 14,
        "cneed": Infinity,
        "extra": 0,
        "g6": "R?????????????????C??w?A^_?_~?",
        "k": 5,
        "n": 19,
        "resid": 2230.842976626751,
        "root": 0,
        "step": 2
      }
    },
    "ring2": {
      "needed_c": 0.0014486030980773658,
      "terms": [
        [
          2,
          0
        ],
        [
          0,
          2
        ],
        [
          2,
          1
        ],
        [
          1,
          2
        ],
        [
          2,
          2
        ]
      ],
      "witness": {
        "a": 3,
        "b": 14,
        "cneed": 0.0014486030980773658,
        "extra": 1539996,
        "g6": "R?????????????????C??w?A^_?_~?",
        "k": 5,
        "n": 19,
        "resid": 2230.842976626751,
        "root": 0,
        "step": 2
      }
    }
  },
  "lambda0": 0.05201381704686925,
  "lambda19": 0.08144365672607116,
  "max_defect_over_delta_rshift": 1.0225408414008559,
  "max_n": 19,
  "witness_defect_over_delta_rshift": {
    "a": 3,
    "b": 14,
    "defect": 101199.77394750225,
    "deltaR": 98968.9309708755,
    "g6": "R?????????????????C??w?A^_?_~?",
    "k": 5,
    "n": 19,
    "ratio": 1.0225408414008559,
    "root": 0,
    "step": 2
  },
  "xneg_total": 428434
}