{
  "fail_d_le_e": 393,
  "fail_d_le_eep": 0,
  "fail_sumd_lesume": 0,
  "lambda0": 0.05201381704686925,
  "max_n": 18,
  "odd_slots": 723650,
  "pair_rows": [
    {
      "a": 2,
      "b": 14,
      "fail_d_le_e": 241,
      "fail_d_le_eep": 0,
      "max_ratio_d_over_e": 5.0609468443331025,
      "max_ratio_d_over_eep": 0.0,
      "odd_slots": 344540,
      "witness_d_over_e": {
        "d_t": 1149705.4165208396,
        "e_t": 227172,
        "e_t_plus": 1480923,
        "even_err_t": 678348,
        "even_err_tp1": 799326,
        "even_rhs_t": 905520,
        "even_rhs_tp1": 2053077,
        "g6": "Q???????????????O?E??n??B~G",
        "k": 6,
        "n": 18,
        "odd_err_t": 1267200,
        "odd_local_rhs_t": 117494.58347916046,
        "root": 0,
        "step": 2,
        "t": 0
      },
      "witness_d_over_eep": null
    },
    {
      "a": 2,
      "b": 13,
      "fail_d_le_e": 78,
      "fail_d_le_eep": 0,
      "max_ratio_d_over_e": 3.9547416924673615,
      "max_ratio_d_over_eep": 0.0,
      "odd_slots": 154868,
      "witness_d_over_e": {
        "d_t": 233839.9215339026,
        "e_t": 59129,
        "e_t_plus": 289353,
        "even_err_t": 165965,
        "even_err_tp1": 136976,
        "even_rhs_t": 225094,
        "even_rhs_tp1": 367200,
        "g6": "P?????????????_?W?@}?_Nc",
        "k": 5,
        "n": 17,
        "odd_err_t": 257475,
        "odd_local_rhs_t": 23635.078466097388,
        "root": 0,
        "step": 2,
        "t": 0
      },
      "witness_d_over_eep": null
    },
    {
      "a": 3,
      "b": 13,
      "fail_d_le_e": 59,
      "fail_d_le_eep": 0,
      "max_ratio_d_over_e": 7.6661629283902375,
      "max_ratio_d_over_eep": 0.0,
      "odd_slots": 152472,
      "witness_d_over_e": {
        "d_t": 450916.03728498536,
        "e_t": 58819,
        "e_t_plus": 743205,
        "even_err_t": 164327,
        "even_err_tp1": 929632,
        "even_rhs_t": 223146,
        "even_rhs_tp1": 1614018,
        "g6": "Q???????????????O?F??f_?@~G",
        "k": 6,
        "n": 18,
        "odd_err_t": 486508,
        "odd_local_rhs_t": 35591.96271501464,
        "root": 0,
        "step": 2,
        "t": 0
      },
      "witness_d_over_eep": null
    },
    {
      "a": 2,
      "b": 12,
      "fail_d_le_e": 12,
      "fail_d_le_eep": 0,
      "max_ratio_d_over_e": 1.2595027987624758,
      "max_ratio_d_over_eep": 0.0,
      "odd_slots": 43468,
      "witness_d_over_e": {
        "d_t": 6762.270526555732,
        "e_t": 5369,
        "e_t_plus": 11391,
        "even_err_t": 11605,
        "even_err_tp1": 1898,
        "even_rhs_t": 16974,
        "even_rhs_tp1": 7920,
        "g6": "O???????????_?o?V_@Fw",
        "k": 3,
        "n": 16,
        "odd_err_t": 7596,
        "odd_local_rhs_t": 833.7294734442672,
        "root": 0,
        "step": 2,
        "t": 0
      },
      "witness_d_over_eep": null
    },
    {
      "a": 3,
      "b": 12,
      "fail_d_le_e": 2,
      "fail_d_le_eep": 0,
      "max_ratio_d_over_e": 1.600915505548106,
      "max_ratio_d_over_eep": 0.0,
      "odd_slots": 16224,
      "witness_d_over_e": {
        "d_t": 13073.076018305834,
        "e_t": 8166,
        "e_t_plus": 23262,
        "even_err_t": 16170,
        "even_err_tp1": 8664,
        "even_rhs_t": 24336,
        "even_rhs_tp1": 23760,
        "g6": "P?????????????_?K?A_?b~g",
        "k": 3,
        "n": 17,
        "odd_err_t": 14112,
        "odd_local_rhs_t": 1038.9239816941663,
        "root": 14,
        "step": 2,
        "t": 0
      },
      "witness_d_over_eep": null
    },
    {
      "a": 2,
      "b": 11,
      "fail_d_le_e": 1,
      "fail_d_le_eep": 0,
      "max_ratio_d_over_e": 1.2366878534506216,
      "max_ratio_d_over_eep": 0.0,
      "odd_slots": 9692,
      "witness_d_over_e": {
        "d_t": 5384.538913924006,
        "e_t": 4354,
        "e_t_plus": 8698,
        "even_err_t": 8190,
        "even_err_tp1": 1596,
        "even_rhs_t": 12544,
        "even_rhs_tp1": 5940,
        "g6": "N?????????O?O?g?Z~?",
        "k": 3,
        "n": 15,
        "odd_err_t": 6006,
        "odd_local_rhs_t": 621.4610860759938,
        "root": 0,
        "step": 2,
        "t": 0
      },
      "witness_d_over_eep": null
    },
    {
      "a": 2,
      "b": 10,
      "fail_d_le_e": 0,
      "fail_d_le_eep": 0,
      "max_ratio_d_over_e": 0.0,
      "max_ratio_d_over_eep": 0.0,
      "odd_slots": 2295,
      "witness_d_over_e": null,
      "witness_d_over_eep": null
    },
    {
      "a": 3,
      "b": 11,
      "fail_d_le_e": 0,
      "fail_d_le_eep": 0,
      "max_ratio_d_over_e": 0.0,
      "max_ratio_d_over_eep": 0.0,
      "odd_slots": 66,
      "witness_d_over_e": null,
      "witness_d_over_eep": null
    },
    {
      "a": 2,
      "b": 9,
      "fail_d_le_e": 0,
      "fail_d_le_eep": 0,
      "max_ratio_d_over_e": 0.0,
      "max_ratio_d_over_eep": 0.0,
      "odd_slots": 25,
      "witness_d_over_e": null,
      "witness_d_over_eep": null
    }
  ],
  "scope": "support-root step-prefix X<0, boundary-correct indexing",
  "total_xneg": 135976,
  "w_max_ratio_d_over_e": {
    "a": 3,
    "b": 13,
    "extra": {
      "d_t": 450916.03728498536,
      "e_t": 58819,
      "e_t_plus": 743205
    },
    "g6": "Q???????????????O?F??f_?@~G",
    "k": 6,
    "n": 18,
    "root": 0,
    "step": 2,
    "t": 0,
    "value": 7.6661629283902375
  },
  "w_max_ratio_d_over_eep": null,
  "w_max_ratio_sumd_over_sume": null,
  "xneg_step_not2": 0
}