{
  "sources": [
    "./results/route1_transfer_failures_n20_2026_02_19.json",
    "./results/route1_transfer_failures_n23_r0_2026_02_19.json",
    "./results/route1_transfer_failures_n23_r4_2026_02_19.json"
  ],
  "count": 4,
  "max_exact_excess": 0.005107340588772491,
  "witnesses": [
    {
      "n": 23,
      "g6": "V?????????????_?G?@??C??G??G??E???o?oB?@|S??",
      "mode": 8,
      "lambda": 0.9972305185989683,
      "leaf": 7,
      "support": 19,
      "u_in_T": 6,
      "deg_u_in_T": 2,
      "deg_u_in_B": 1,
      "num_children_u": 1,
      "mu_p": 6.4302934756640955,
      "mu_b": 6.9360941466859956,
      "D": 0.5058006710219001,
      "threshold_1_over_1plam": 0.5006933304331276,
      "exact_excess": 0.005107340588772491,
      "p_u": 0.49126887657403,
      "sum_p_children": 0.03164325433203115,
      "sum_delta_children": -0.029580124328679958,
      "one_minus_sum_delta": 1.02958012432868,
      "R_prod_1_minus_pc": 0.9683567456679688,
      "D_from_decomp": 0.5058006710219007,
      "exact_excess_from_num": 0.00510734058877312,
      "num_exact_sign": 0.020050938547032437,
      "den_exact_sign": 3.925905899267441,
      "sum_delta_negative_children": 1,
      "sum_p_minus_sum_delta": 0.061223378660711106,
      "children": [
        {
          "child": 20,
          "deg": 8,
          "n_descendants": 20,
          "n_grandchildren": 7,
          "n_leaf_grandchildren": 1,
          "p_c": 0.03164325433203115,
          "delta_c": -0.029580124328679958,
          "mu_Ic": 6.4302934756640955,
          "mu_qc": 6.459873599992775,
          "mu_dc": 5.52507327830977,
          "sum_delta_gc": 1.9348003216830052
        }
      ]
    },
    {
      "n": 23,
      "g6": "V???????????????O?A??G??W??K??B???W??@_Fii??",
      "mode": 8,
      "lambda": 0.9932366383979288,
      "leaf": 4,
      "support": 17,
      "u_in_T": 3,
      "deg_u_in_T": 2,
      "deg_u_in_B": 1,
      "num_children_u": 1,
      "mu_p": 6.45768794816449,
      "mu_b": 6.963644714142504,
      "D": 0.5059567659780138,
      "threshold_1_over_1plam": 0.5016965776847017,
      "exact_excess": 0.004260188293312095,
      "p_u": 0.49350657138744103,
      "sum_p_children": 0.019005904254752588,
      "sum_delta_children": -0.025228021899630804,
      "one_minus_sum_delta": 1.0252280218996308,
      "R_prod_1_minus_pc": 0.9809940957452474,
      "D_from_decomp": 0.5059567659780151,
      "exact_excess_from_num": 0.00426018829331347,
      "num_exact_sign": 0.016765396968658308,
      "den_exact_sign": 3.935365250163296,
      "sum_delta_negative_children": 1,
      "sum_p_minus_sum_delta": 0.04423392615438339,
      "children": [
        {
          "child": 20,
          "deg": 9,
          "n_descendants": 20,
          "n_grandchildren": 8,
          "n_leaf_grandchildren": 1,
          "p_c": 0.019005904254752588,
          "delta_c": -0.025228021899630804,
          "mu_Ic": 6.45768794816449,
          "mu_qc": 6.482915970064121,
          "mu_dc": 5.155537826857786,
          "sum_delta_gc": 2.327378143206335
        }
      ]
    },
    {
      "n": 20,
      "g6": "S???????????_?O?C??o?@_?@_??oFig?",
      "mode": 7,
      "lambda": 0.993367722918202,
      "leaf": 4,
      "support": 15,
      "u_in_T": 3,
      "deg_u_in_T": 2,
      "deg_u_in_B": 1,
      "num_children_u": 1,
      "mu_p": 5.454847549564035,
      "mu_b": 5.960492227034996,
      "D": 0.5056446774709604,
      "threshold_1_over_1plam": 0.5016635859519408,
      "exact_excess": 0.003981091519019597,
      "p_u": 0.4904112869076267,
      "sum_p_children": 0.031207847509587286,
      "sum_delta_children": -0.031062479535069798,
      "one_minus_sum_delta": 1.0310624795350698,
      "R_prod_1_minus_pc": 0.9687921524904127,
      "D_from_decomp": 0.5056446774709621,
      "exact_excess_from_num": 0.003981091519021234,
      "num_exact_sign": 0.015572910333596424,
      "den_exact_sign": 3.9117187482856663,
      "sum_delta_negative_children": 1,
      "sum_p_minus_sum_delta": 0.062270327044657084,
      "children": [
        {
          "child": 17,
          "deg": 8,
          "n_descendants": 17,
          "n_grandchildren": 7,
          "n_leaf_grandchildren": 1,
          "p_c": 0.031207847509587286,
          "delta_c": -0.031062479535069798,
          "mu_Ic": 5.454847549564035,
          "mu_qc": 5.485910029099105,
          "mu_dc": 4.490568087443956,
          "sum_delta_gc": 1.9953419416551497
        }
      ]
    },
    {
      "n": 23,
      "g6": "V?????????????_?G?@??C??G??G??E???o?_B?B|S??",
      "mode": 8,
      "lambda": 0.9899992267443359,
      "leaf": 7,
      "support": 19,
      "u_in_T": 6,
      "deg_u_in_T": 2,
      "deg_u_in_B": 1,
      "num_children_u": 1,
      "mu_p": 6.428333336657887,
      "mu_b": 6.93174982035458,
      "D": 0.503416483696693,
      "threshold_1_over_1plam": 0.5025127580757972,
      "exact_excess": 0.0009037256208958011,
      "p_u": 0.49184802611719036,
      "sum_p_children": 0.02230710185446091,
      "sum_delta_children": -0.02352039037510778,
      "one_minus_sum_delta": 1.0235203903751078,
      "R_prod_1_minus_pc": 0.9776928981455391,
      "D_from_decomp": 0.5034164836966929,
      "exact_excess_from_num": 0.0009037256208957385,
      "num_exact_sign": 0.003539124866582366,
      "den_exact_sign": 3.9161497524818647,
      "sum_delta_negative_children": 1,
      "sum_p_minus_sum_delta": 0.045827492229568695,
      "children": [
        {
          "child": 20,
          "deg": 9,
          "n_descendants": 20,
          "n_grandchildren": 8,
          "n_leaf_grandchildren": 1,
          "p_c": 0.02230710185446091,
          "delta_c": -0.02352039037510778,
          "mu_Ic": 6.428333336657887,
          "mu_qc": 6.4518537270329945,
          "mu_dc": 5.397463491646872,
          "sum_delta_gc": 2.0543902353861236
        }
      ]
    }
  ]
}