{
  "params": {
    "min_n": 23,
    "max_n": 23,
    "tol": 1e-12,
    "all_trees": false,
    "all_deg2_leaves": false,
    "concavity_grid": 0,
    "concavity_all": false,
    "mod": 0,
    "res": 0
  },
  "summary": {
    "seen": 14828074,
    "considered": 528196,
    "checked_trees": 528196,
    "checked_leaves": 528196,
    "route2_fail": 0,
    "exact_fail": 0,
    "deficit_tau_cases": 316541,
    "deficit_nonpos_gap": 0,
    "min_route2_slack": 0.22901390582535264,
    "min_route2_witness": {
      "n": 23,
      "g6": "V???????????_?O?C??_?A??C??C??A???_?{E??^g??",
      "mode": 8,
      "lambda_mode": 0.9832578952782636,
      "tau_b": 0.8745890746310415,
      "leaf": 12,
      "support": 0,
      "mu_tau": 6.429317358954045,
      "mu_b": 6.729013905825353,
      "degree_signature": {
        "1": 11,
        "2": 10,
        "6": 1,
        "7": 1
      },
      "route2_slack": 0.22901390582535264
    },
    "min_exact_slack": 0.22479304661143118,
    "min_exact_witness": {
      "n": 23,
      "g6": "V???????????_?O?C??_?A??C??C??A???_?{E??^g??",
      "mode": 8,
      "lambda_mode": 0.9832578952782636,
      "tau_b": 0.8745890746310415,
      "leaf": 12,
      "support": 0,
      "mu_tau": 6.429317358954045,
      "mu_b": 6.729013905825353,
      "degree_signature": {
        "1": 11,
        "2": 10,
        "6": 1,
        "7": 1
      },
      "exact_slack": 0.22479304661143118
    },
    "min_gain_minus_deficit": 0.22901390582535264,
    "min_gain_minus_deficit_witness": {
      "n": 23,
      "g6": "V???????????_?O?C??_?A??C??C??A???_?{E??^g??",
      "mode": 8,
      "lambda_mode": 0.9832578952782636,
      "tau_b": 0.8745890746310415,
      "leaf": 12,
      "support": 0,
      "mu_tau": 6.429317358954045,
      "mu_b": 6.729013905825353,
      "degree_signature": {
        "1": 11,
        "2": 10,
        "6": 1,
        "7": 1
      },
      "deficit_tau": 0.07068264104595468,
      "gain": 0.2996965468713073,
      "gap": 0.10866882064722205,
      "var_tau": 2.5832839839479576,
      "var_lam": 2.5320826557504503,
      "tau_margin": 0.2502937261135697,
      "lam_margin": 0.2091609659090824,
      "gain_minus_deficit": 0.22901390582535264
    },
    "min_tau_endpoint_margin": 0.2502937261135697,
    "min_tau_endpoint_margin_witness": {
      "n": 23,
      "g6": "V???????????_?O?C??_?A??C??C??A???_?{E??^g??",
      "mode": 8,
      "lambda_mode": 0.9832578952782636,
      "tau_b": 0.8745890746310415,
      "leaf": 12,
      "support": 0,
      "mu_tau": 6.429317358954045,
      "mu_b": 6.729013905825353,
      "degree_signature": {
        "1": 11,
        "2": 10,
        "6": 1,
        "7": 1
      },
      "deficit_tau": 0.07068264104595468,
      "gain": 0.2996965468713073,
      "gap": 0.10866882064722205,
      "var_tau": 2.5832839839479576,
      "var_lam": 2.5320826557504503,
      "tau_margin": 0.2502937261135697,
      "lam_margin": 0.2091609659090824
    },
    "min_lam_endpoint_margin": 0.2091609659090824,
    "min_lam_endpoint_margin_witness": {
      "n": 23,
      "g6": "V???????????_?O?C??_?A??C??C??A???_?{E??^g??",
      "mode": 8,
      "lambda_mode": 0.9832578952782636,
      "tau_b": 0.8745890746310415,
      "leaf": 12,
      "support": 0,
      "mu_tau": 6.429317358954045,
      "mu_b": 6.729013905825353,
      "degree_signature": {
        "1": 11,
        "2": 10,
        "6": 1,
        "7": 1
      },
      "deficit_tau": 0.07068264104595468,
      "gain": 0.2996965468713073,
      "gap": 0.10866882064722205,
      "var_tau": 2.5832839839479576,
      "var_lam": 2.5320826557504503,
      "tau_margin": 0.2502937261135697,
      "lam_margin": 0.2091609659090824
    },
    "min_gap_deficit": 0.09895127108599389,
    "min_gap_deficit_witness": {
      "n": 23,
      "g6": "V?????????O?O?G?A??O?@??A??A??@???O??A?F~o??",
      "mode": 7,
      "lambda_mode": 0.7032457496136012,
      "tau_b": 0.6042944785276073,
      "leaf": 11,
      "support": 0,
      "mu_tau": 5.455207301738614,
      "mu_b": 5.829040130177245,
      "degree_signature": {
        "1": 11,
        "2": 11,
        "11": 1
      },
      "deficit_tau": 0.044792698261385766,
      "gain": 0.37383282843863075,
      "gap": 0.09895127108599389,
      "var_tau": 2.4862846010329775,
      "var_lam": 2.4394465134385115,
      "tau_margin": 0.3623283830915143,
      "lam_margin": 0.2984533624274512
    },
    "max_deficit_tau": 0.09182220771431115,
    "max_deficit_tau_witness": {
      "n": 23,
      "g6": "V???????????_?O?C??_?A??C??C??A???_?_E?B~g??",
      "mode": 8,
      "lambda_mode": 0.9727755026061057,
      "tau_b": 0.8474127557160048,
      "leaf": 12,
      "support": 0,
      "mu_tau": 6.408177792285689,
      "mu_b": 6.752235321437652,
      "degree_signature": {
        "1": 11,
        "2": 10,
        "3": 1,
        "10": 1
      },
      "deficit_tau": 0.09182220771431115,
      "gain": 0.3440575291519634,
      "gap": 0.12536274689010085,
      "var_tau": 2.527553552410332,
      "var_lam": 2.4571007446633146,
      "tau_margin": 0.28209363684276795,
      "lam_margin": 0.2248273151318988
    },
    "concavity_checked": 0,
    "concavity_fail": 0,
    "max_concavity_d2": null,
    "max_concavity_d2_witness": null
  },
  "per_n": {
    "23": {
      "seen": 14828074,
      "considered": 528196,
      "checked_trees": 528196,
      "checked_leaves": 528196,
      "route2_fail": 0,
      "exact_fail": 0,
      "deficit_tau_cases": 316541,
      "deficit_nonpos_gap": 0,
      "min_route2_slack": 0.22901390582535264,
      "min_route2_witness": {
        "n": 23,
        "g6": "V???????????_?O?C??_?A??C??C??A???_?{E??^g??",
        "mode": 8,
        "lambda_mode": 0.9832578952782636,
        "tau_b": 0.8745890746310415,
        "leaf": 12,
        "support": 0,
        "mu_tau": 6.429317358954045,
        "mu_b": 6.729013905825353,
        "degree_signature": {
          "1": 11,
          "2": 10,
          "6": 1,
          "7": 1
        },
        "route2_slack": 0.22901390582535264
      },
      "min_exact_slack": 0.22479304661143118,
      "min_exact_witness": {
        "n": 23,
        "g6": "V???????????_?O?C??_?A??C??C??A???_?{E??^g??",
        "mode": 8,
        "lambda_mode": 0.9832578952782636,
        "tau_b": 0.8745890746310415,
        "leaf": 12,
        "support": 0,
        "mu_tau": 6.429317358954045,
        "mu_b": 6.729013905825353,
        "degree_signature": {
          "1": 11,
          "2": 10,
          "6": 1,
          "7": 1
        },
        "exact_slack": 0.22479304661143118
      },
      "min_gain_minus_deficit": 0.22901390582535264,
      "min_gain_minus_deficit_witness": {
        "n": 23,
        "g6": "V???????????_?O?C??_?A??C??C??A???_?{E??^g??",
        "mode": 8,
        "lambda_mode": 0.9832578952782636,
        "tau_b": 0.8745890746310415,
        "leaf": 12,
        "support": 0,
        "mu_tau": 6.429317358954045,
        "mu_b": 6.729013905825353,
        "degree_signature": {
          "1": 11,
          "2": 10,
          "6": 1,
          "7": 1
        },
        "deficit_tau": 0.07068264104595468,
        "gain": 0.2996965468713073,
        "gap": 0.10866882064722205,
        "var_tau": 2.5832839839479576,
        "var_lam": 2.5320826557504503,
        "tau_margin": 0.2502937261135697,
        "lam_margin": 0.2091609659090824,
        "gain_minus_deficit": 0.22901390582535264
      },
      "min_tau_endpoint_margin": 0.2502937261135697,
      "min_tau_endpoint_margin_witness": {
        "n": 23,
        "g6": "V???????????_?O?C??_?A??C??C??A???_?{E??^g??",
        "mode": 8,
        "lambda_mode": 0.9832578952782636,
        "tau_b": 0.8745890746310415,
        "leaf": 12,
        "support": 0,
        "mu_tau": 6.429317358954045,
        "mu_b": 6.729013905825353,
        "degree_signature": {
          "1": 11,
          "2": 10,
          "6": 1,
          "7": 1
        },
        "deficit_tau": 0.07068264104595468,
        "gain": 0.2996965468713073,