{
  "params": {
    "min_n": 21,
    "max_n": 21,
    "tol": 1e-12,
    "all_trees": false,
    "all_deg2_leaves": false,
    "concavity_grid": 24,
    "concavity_all": false,
    "mod": 0,
    "res": 0
  },
  "summary": {
    "seen": 2144505,
    "considered": 98581,
    "checked_trees": 98581,
    "checked_leaves": 98581,
    "route2_fail": 0,
    "exact_fail": 0,
    "deficit_tau_cases": 11075,
    "deficit_nonpos_gap": 0,
    "min_route2_slack": 0.22343786211387684,
    "min_route2_witness": {
      "n": 21,
      "g6": "T???????C?G?G?C?@??G??_?@??@???_B~o?",
      "mode": 7,
      "lambda_mode": 0.879383429672447,
      "tau_b": 0.7557251908396947,
      "leaf": 10,
      "support": 0,
      "mu_tau": 5.400540525739017,
      "mu_b": 5.723437862113877,
      "degree_signature": {
        "1": 10,
        "2": 10,
        "10": 1
      },
      "route2_slack": 0.22343786211387684
    },
    "min_exact_slack": 0.1913484628930444,
    "min_exact_witness": {
      "n": 21,
      "g6": "T???????C?G?G?C?@??G??_?@??@???_B~o?",
      "mode": 7,
      "lambda_mode": 0.879383429672447,
      "tau_b": 0.7557251908396947,
      "leaf": 10,
      "support": 0,
      "mu_tau": 5.400540525739017,
      "mu_b": 5.723437862113877,
      "degree_signature": {
        "1": 10,
        "2": 10,
        "10": 1
      },
      "exact_slack": 0.1913484628930444
    },
    "min_gain_minus_deficit": 0.22343786211387684,
    "min_gain_minus_deficit_witness": {
      "n": 21,
      "g6": "T???????C?G?G?C?@??G??_?@??@???_B~o?",
      "mode": 7,
      "lambda_mode": 0.879383429672447,
      "tau_b": 0.7557251908396947,
      "leaf": 10,
      "support": 0,
      "mu_tau": 5.400540525739017,
      "mu_b": 5.723437862113877,
      "degree_signature": {
        "1": 10,
        "2": 10,
        "10": 1
      },
      "deficit_tau": 0.0994594742609829,
      "gain": 0.32289733637485973,
      "gap": 0.12365823883275229,
      "var_tau": 2.166502345321927,
      "var_lam": 2.09143940443451,
      "tau_margin": 0.2550422251621416,
      "lam_margin": 0.19463716737590137,
      "gain_minus_deficit": 0.22343786211387684
    },
    "min_tau_endpoint_margin": 0.2550422251621416,
    "min_tau_endpoint_margin_witness": {
      "n": 21,
      "g6": "T???????C?G?G?C?@??G??_?@??@???_B~o?",
      "mode": 7,
      "lambda_mode": 0.879383429672447,
      "tau_b": 0.7557251908396947,
      "leaf": 10,
      "support": 0,
      "mu_tau": 5.400540525739017,
      "mu_b": 5.723437862113877,
      "degree_signature": {
        "1": 10,
        "2": 10,
        "10": 1
      },
      "deficit_tau": 0.0994594742609829,
      "gain": 0.32289733637485973,
      "gap": 0.12365823883275229,
      "var_tau": 2.166502345321927,
      "var_lam": 2.09143940443451,
      "tau_margin": 0.2550422251621416,
      "lam_margin": 0.19463716737590137
    },
    "min_lam_endpoint_margin": 0.19463716737590137,
    "min_lam_endpoint_margin_witness": {
      "n": 21,
      "g6": "T???????C?G?G?C?@??G??_?@??@???_B~o?",
      "mode": 7,
      "lambda_mode": 0.879383429672447,
      "tau_b": 0.7557251908396947,
      "leaf": 10,
      "support": 0,
      "mu_tau": 5.400540525739017,
      "mu_b": 5.723437862113877,
      "degree_signature": {
        "1": 10,
        "2": 10,
        "10": 1
      },
      "deficit_tau": 0.0994594742609829,
      "gain": 0.32289733637485973,
      "gap": 0.12365823883275229,
      "var_tau": 2.166502345321927,
      "var_lam": 2.09143940443451,
      "tau_margin": 0.2550422251621416,
      "lam_margin": 0.19463716737590137
    },
    "min_gap_deficit": 0.11201402127790416,
    "min_gap_deficit_witness": {
      "n": 21,
      "g6": "T?????????O?O?G?A??O?@??A??A?F`_?Ng?",
      "mode": 7,
      "lambda_mode": 0.8757763975155279,
      "tau_b": 0.7637623762376238,
      "leaf": 11,
      "support": 0,
      "mu_tau": 5.4703984138968025,
      "mu_b": 5.79305704867725,
      "degree_signature": {
        "1": 10,
        "2": 9,
        "6": 2
      },
      "deficit_tau": 0.02960158610319752,
      "gain": 0.32265863478044743,
      "gap": 0.11201402127790416,
      "var_tau": 2.37159345570268,
      "var_lam": 2.3404842789000426,
      "tau_margin": 0.31821827001258474,
      "lam_margin": 0.26975228614209923
    },
    "max_deficit_tau": 0.0994594742609829,
    "max_deficit_tau_witness": {
      "n": 21,
      "g6": "T???????C?G?G?C?@??G??_?@??@???_B~o?",
      "mode": 7,
      "lambda_mode": 0.879383429672447,
      "tau_b": 0.7557251908396947,
      "leaf": 10,
      "support": 0,
      "mu_tau": 5.400540525739017,
      "mu_b": 5.723437862113877,
      "degree_signature": {
        "1": 10,
        "2": 10,
        "10": 1
      },
      "deficit_tau": 0.0994594742609829,
      "gain": 0.32289733637485973,
      "gap": 0.12365823883275229,
      "var_tau": 2.166502345321927,
      "var_lam": 2.09143940443451,
      "tau_margin": 0.2550422251621416,
      "lam_margin": 0.19463716737590137
    },
    "concavity_checked": 11075,
    "concavity_fail": 0,
    "max_concavity_d2": 0.0,
    "max_concavity_d2_witness": {
      "n": 21,
      "g6": "T???????????_?O?C??_?A??E??B???oB|S?",
      "mode": 7,
      "lambda_mode": 0.8682165393556958,
      "tau_b": 0.7144048016005335,
      "leaf": 6,
      "support": 17,
      "mu_tau": 5.483736679580769,
      "mu_b": 5.969268067137132,
      "degree_signature": {
        "1": 9,
        "2": 11,
        "9": 1
      },
      "deficit_tau": 0.016263320419231064,
      "gap": 0.15381173775516221,
      "max_d2": 0.0
    }
  },
  "per_n": {
    "21": {
      "seen": 2144505,
      "considered": 98581,
      "checked_trees": 98581,
      "checked_leaves": 98581,
      "route2_fail": 0,
      "exact_fail": 0,
      "deficit_tau_cases": 11075,
      "deficit_nonpos_gap": 0,
      "min_route2_slack": 0.22343786211387684,
      "min_route2_witness": {
        "n": 21,
        "g6": "T???????C?G?G?C?@??G??_?@??@???_B~o?",
        "mode": 7,
        "lambda_mode": 0.879383429672447,
        "tau_b": 0.7557251908396947,
        "leaf": 10,
        "support": 0,
        "mu_tau": 5.400540525739017,
        "mu_b": 5.723437862113877,
        "degree_signature": {
          "1": 10,
          "2": 10,
          "10": 1
        },
        "route2_slack": 0.22343786211387684
      },
      "min_exact_slack": 0.1913484628930444,
      "min_exact_witness": {
        "n": 21,
        "g6": "T???????C?G?G?C?@??G??_?@??@???_B~o?",
        "mode": 7,
        "lambda_mode": 0.879383429672447,
        "tau_b": 0.7557251908396947,
        "leaf": 10,
        "support": 0,
        "mu_tau": 5.400540525739017,
        "mu_b": 5.723437862113877,
        "degree_signature": {
          "1": 10,
          "2": 10,
          "10": 1
        },
        "exact_slack": 0.1913484628930444
      },
      "min_gain_minus_deficit": 0.22343786211387684,
      "min_gain_minus_deficit_witness": {
        "n": 21,
        "g6": "T???????C?G?G?C?@??G??_?@??@???_B~o?",
        "mode": 7,
        "lambda_mode": 0.879383429672447,
        "tau_b": 0.7557251908396947,
        "leaf": 10,
        "support": 0,
        "mu_tau": 5.400540525739017,
        "mu_b": 5.723437862113877,
        "degree_signature": {
          "1": 10,
          "2": 10,
          "10": 1
        },
        "deficit_tau": 0.0994594742609829,
        "gain": 0.32289733637485973,
        "gap": 0.12365823883275229,
        "var_tau": 2.166502345321927,
        "var_lam": 2.09143940443451,
        "tau_margin": 0.2550422251621416,
        "lam_margin": 0.19463716737590137,
        "gain_minus_deficit": 0.22343786211387684
      },
      "min_tau_endpoint_margin": 0.2550422251621416,
      "min_tau_endpoint_margin_witness": {
        "n": 21,
        "g6": "T???????C?G?G?C?@??G??_?@??@???_B~o?",
        "mode": 7,
        "lambda_mode": 0.879383429672447,
        "tau_b": 0.7557251908396947,
        "leaf": 10,
        "support": 0,
        "mu_tau": 5.400540525739017,
        "mu_b": 5.723437862113877,