{
  "params": {
    "min_n": 23,
    "max_n": 23,
    "res": 0,
    "mod": 8,
    "tol": 1e-12
  },
  "summary": {
    "seen": 2096750,
    "considered": 32779,
    "checked": 32779,
    "no_deg2_support": 0,
    "exact_violation_count": 1,
    "max_exact_excess": 0.004260188293312095,
    "max_exact_excess_witness": {
      "n": 23,
      "g6": "V???????????????O?A??G??W??K??B???W??@_Fii??",
      "mode": 8,
      "lambda": 0.9932366383979288,
      "leaf": 4,
      "support": 17,
      "u_in_T": 3,
      "deg_u_in_T": 2,
      "deg_u_in_B": 1,
      "num_children_u": 1,
      "mu_p": 6.45768794816449,
      "mu_b": 6.963644714142504,
      "D": 0.5059567659780138,
      "threshold_1_over_1plam": 0.5016965776847017,
      "exact_excess": 0.004260188293312095,
      "p_u": 0.49350657138744103,
      "sum_p_children": 0.019005904254752588,
      "sum_delta_children": -0.025228021899630804,
      "one_minus_sum_delta": 1.0252280218996308,
      "R_prod_1_minus_pc": 0.9809940957452474,
      "D_from_decomp": 0.5059567659780151,
      "exact_excess_from_num": 0.00426018829331347,
      "num_exact_sign": 0.016765396968658308,
      "den_exact_sign": 3.935365250163296,
      "sum_delta_negative_children": 1,
      "sum_p_minus_sum_delta": 0.04423392615438339,
      "children": [
        {
          "child": 20,
          "deg": 9,
          "n_descendants": 20,
          "n_grandchildren": 8,
          "n_leaf_grandchildren": 1,
          "p_c": 0.019005904254752588,
          "delta_c": -0.025228021899630804,
          "mu_Ic": 6.45768794816449,
          "mu_qc": 6.482915970064121,
          "mu_dc": 5.155537826857786,
          "sum_delta_gc": 2.327378143206335
        }
      ]
    }
  },
  "witnesses": [
    {
      "n": 23,
      "g6": "V???????????????O?A??G??W??K??B???W??@_Fii??",
      "mode": 8,
      "lambda": 0.9932366383979288,
      "leaf": 4,
      "support": 17,
      "u_in_T": 3,
      "deg_u_in_T": 2,
      "deg_u_in_B": 1,
      "num_children_u": 1,
      "mu_p": 6.45768794816449,
      "mu_b": 6.963644714142504,
      "D": 0.5059567659780138,
      "threshold_1_over_1plam": 0.5016965776847017,
      "exact_excess": 0.004260188293312095,
      "p_u": 0.49350657138744103,
      "sum_p_children": 0.019005904254752588,
      "sum_delta_children": -0.025228021899630804,
      "one_minus_sum_delta": 1.0252280218996308,
      "R_prod_1_minus_pc": 0.9809940957452474,
      "D_from_decomp": 0.5059567659780151,
      "exact_excess_from_num": 0.00426018829331347,
      "num_exact_sign": 0.016765396968658308,
      "den_exact_sign": 3.935365250163296,
      "sum_delta_negative_children": 1,
      "sum_p_minus_sum_delta": 0.04423392615438339,
      "children": [
        {
          "child": 20,
          "deg": 9,
          "n_descendants": 20,
          "n_grandchildren": 8,
          "n_leaf_grandchildren": 1,
          "p_c": 0.019005904254752588,
          "delta_c": -0.025228021899630804,
          "mu_Ic": 6.45768794816449,
          "mu_qc": 6.482915970064121,
          "mu_dc": 5.155537826857786,
          "sum_delta_gc": 2.327378143206335
        }
      ]
    }
  ]
}