{
  "params": {
    "min_n": 22,
    "max_n": 22,
    "tol": 1e-12,
    "all_trees": false,
    "all_deg2_leaves": false,
    "concavity_grid": 0,
    "concavity_all": false,
    "mod": 0,
    "res": 0
  },
  "summary": {
    "seen": 5623756,
    "considered": 227678,
    "checked_trees": 227678,
    "checked_leaves": 227678,
    "route2_fail": 0,
    "exact_fail": 0,
    "deficit_tau_cases": 178651,
    "deficit_nonpos_gap": 0,
    "min_route2_slack": 0.26870894029015435,
    "min_route2_witness": {
      "n": 22,
      "g6": "U???????C?G?G?C?@??G??_?@??@?C?_@wO?@y??",
      "mode": 7,
      "lambda_mode": 0.9089204079240417,
      "tau_b": 0.7709672362439254,
      "leaf": 11,
      "support": 1,
      "mu_tau": 5.423965093917231,
      "mu_b": 5.768708940290154,
      "degree_signature": {
        "1": 8,
        "2": 12,
        "5": 2
      },
      "route2_slack": 0.26870894029015435
    },
    "min_exact_slack": 0.2404446506547231,
    "min_exact_witness": {
      "n": 22,
      "g6": "U?????????O?O?G?A??O?@??A??A??@???O?~}??",
      "mode": 7,
      "lambda_mode": 0.7499482936918304,
      "tau_b": 0.6475770925110133,
      "leaf": 11,
      "support": 0,
      "mu_tau": 5.453517173319727,
      "mu_b": 5.811890106274626,
      "degree_signature": {
        "1": 11,
        "2": 10,
        "11": 1
      },
      "exact_slack": 0.2404446506547231
    },
    "min_gain_minus_deficit": 0.26870894029015435,
    "min_gain_minus_deficit_witness": {
      "n": 22,
      "g6": "U???????C?G?G?C?@??G??_?@??@?C?_@wO?@y??",
      "mode": 7,
      "lambda_mode": 0.9089204079240417,
      "tau_b": 0.7709672362439254,
      "leaf": 11,
      "support": 1,
      "mu_tau": 5.423965093917231,
      "mu_b": 5.768708940290154,
      "degree_signature": {
        "1": 8,
        "2": 12,
        "5": 2
      },
      "deficit_tau": 0.07603490608276875,
      "gain": 0.3447438463729231,
      "gap": 0.13795317168011634,
      "var_tau": 2.124552797901373,
      "var_lam": 2.060480103263913,
      "tau_margin": 0.304122360132925,
      "lam_margin": 0.23669848943890504,
      "gain_minus_deficit": 0.26870894029015435
    },
    "min_tau_endpoint_margin": 0.304122360132925,
    "min_tau_endpoint_margin_witness": {
      "n": 22,
      "g6": "U???????C?G?G?C?@??G??_?@??@?C?_@wO?@y??",
      "mode": 7,
      "lambda_mode": 0.9089204079240417,
      "tau_b": 0.7709672362439254,
      "leaf": 11,
      "support": 1,
      "mu_tau": 5.423965093917231,
      "mu_b": 5.768708940290154,
      "degree_signature": {
        "1": 8,
        "2": 12,
        "5": 2
      },
      "deficit_tau": 0.07603490608276875,
      "gain": 0.3447438463729231,
      "gap": 0.13795317168011634,
      "var_tau": 2.124552797901373,
      "var_lam": 2.060480103263913,
      "tau_margin": 0.304122360132925,
      "lam_margin": 0.23669848943890504
    },
    "min_lam_endpoint_margin": 0.23669848943890504,
    "min_lam_endpoint_margin_witness": {
      "n": 22,
      "g6": "U???????C?G?G?C?@??G??_?@??@?C?_@wO?@y??",
      "mode": 7,
      "lambda_mode": 0.9089204079240417,
      "tau_b": 0.7709672362439254,
      "leaf": 11,
      "support": 1,
      "mu_tau": 5.423965093917231,
      "mu_b": 5.768708940290154,
      "degree_signature": {
        "1": 8,
        "2": 12,
        "5": 2
      },
      "deficit_tau": 0.07603490608276875,
      "gain": 0.3447438463729231,
      "gap": 0.13795317168011634,
      "var_tau": 2.124552797901373,
      "var_lam": 2.060480103263913,
      "tau_margin": 0.304122360132925,
      "lam_margin": 0.23669848943890504
    },
    "min_gap_deficit": 0.1023712011808171,
    "min_gap_deficit_witness": {
      "n": 22,
      "g6": "U?????????O?O?G?A??O?@??A??A??@???O?~}??",
      "mode": 7,
      "lambda_mode": 0.7499482936918304,
      "tau_b": 0.6475770925110133,
      "leaf": 11,
      "support": 0,
      "mu_tau": 5.453517173319727,
      "mu_b": 5.811890106274626,
      "degree_signature": {
        "1": 11,
        "2": 10,
        "11": 1
      },
      "deficit_tau": 0.046482826680272815,
      "gain": 0.35837293295489925,
      "gap": 0.1023712011808171,
      "var_tau": 2.4621118525237833,
      "var_lam": 2.417280967951214,
      "tau_margin": 0.3427362341840519,
      "lam_margin": 0.2834865303570013
    },
    "max_deficit_tau": 0.07997520035817018,
    "max_deficit_tau_witness": {
      "n": 22,
      "g6": "U?????????O?O?G?A??W?A_?D??D??A_A?g?[C??",
      "mode": 7,
      "lambda_mode": 0.9974983444926789,
      "tau_b": 0.8326329252695048,
      "leaf": 11,
      "support": 0,
      "mu_tau": 5.42002479964183,
      "mu_b": 5.77566376789744,
      "degree_signature": {
        "1": 5,
        "2": 15,
        "3": 1,
        "4": 1
      },
      "deficit_tau": 0.07997520035817018,
      "gain": 0.3556389682556098,
      "gap": 0.1648654192231741,
      "var_tau": 1.9992808865156881,
      "var_lam": 1.9349259800357075,
      "tau_margin": 0.315892259955869,
      "lam_margin": 0.23982721798733636
    },
    "concavity_checked": 0,
    "concavity_fail": 0,
    "max_concavity_d2": null,
    "max_concavity_d2_witness": null
  },
  "per_n": {
    "22": {
      "seen": 5623756,
      "considered": 227678,
      "checked_trees": 227678,
      "checked_leaves": 227678,
      "route2_fail": 0,
      "exact_fail": 0,
      "deficit_tau_cases": 178651,
      "deficit_nonpos_gap": 0,
      "min_route2_slack": 0.26870894029015435,
      "min_route2_witness": {
        "n": 22,
        "g6": "U???????C?G?G?C?@??G??_?@??@?C?_@wO?@y??",
        "mode": 7,
        "lambda_mode": 0.9089204079240417,
        "tau_b": 0.7709672362439254,
        "leaf": 11,
        "support": 1,
        "mu_tau": 5.423965093917231,
        "mu_b": 5.768708940290154,
        "degree_signature": {
          "1": 8,
          "2": 12,
          "5": 2
        },
        "route2_slack": 0.26870894029015435
      },
      "min_exact_slack": 0.2404446506547231,
      "min_exact_witness": {
        "n": 22,
        "g6": "U?????????O?O?G?A??O?@??A??A??@???O?~}??",
        "mode": 7,
        "lambda_mode": 0.7499482936918304,
        "tau_b": 0.6475770925110133,
        "leaf": 11,
        "support": 0,
        "mu_tau": 5.453517173319727,
        "mu_b": 5.811890106274626,
        "degree_signature": {
          "1": 11,
          "2": 10,
          "11": 1
        },
        "exact_slack": 0.2404446506547231
      },
      "min_gain_minus_deficit": 0.26870894029015435,
      "min_gain_minus_deficit_witness": {
        "n": 22,
        "g6": "U???????C?G?G?C?@??G??_?@??@?C?_@wO?@y??",
        "mode": 7,
        "lambda_mode": 0.9089204079240417,
        "tau_b": 0.7709672362439254,
        "leaf": 11,
        "support": 1,
        "mu_tau": 5.423965093917231,
        "mu_b": 5.768708940290154,
        "degree_signature": {
          "1": 8,
          "2": 12,
          "5": 2
        },
        "deficit_tau": 0.07603490608276875,
        "gain": 0.3447438463729231,
        "gap": 0.13795317168011634,
        "var_tau": 2.124552797901373,
        "var_lam": 2.060480103263913,
        "tau_margin": 0.304122360132925,
        "lam_margin": 0.23669848943890504,
        "gain_minus_deficit": 0.26870894029015435
      },
      "min_tau_endpoint_margin": 0.304122360132925,
      "min_tau_endpoint_margin_witness": {
        "n": 22,
        "g6": "U???????C?G?G?C?@??G??_?@??@?C?_@wO?@y??",
        "mode": 7,
        "lambda_mode": 0.9089204079240417,
        "tau_b": 0.7709672362439254,
        "leaf": 11,
        "support": 1,
        "mu_tau": 5.423965093917231,
        "mu_b": 5.768708940290154,
        "degree_signature": {
          "1": 8,
          "2": 12,
          "5": 2
        },
        "deficit_tau": 0.07603490608276875,
        "gain": 0.3447438463729231,
        "gap": 0.13795317168011634,
        "var_tau": 2.124552797901373,
        "var_lam": 2.060480103263913,
        "tau_margin": 0.304122360132925,
        "lam_margin": 0.23669848943890504
      },