{
  "params": {
    "min_n": 23,
    "max_n": 23,
    "tol": 1e-12,
    "all_trees": false,
    "res": 5,
    "mod": 8
  },
  "summary": {
    "seen": 2490302,
    "considered": 40803,
    "checked": 40803,
    "no_deg2_support": 0,
    "phiP_fail": 0,
    "lambda_gap_fail": 0,
    "modeP_fail": 0,
    "ulc_fail": 0,
    "tau_skipped": 0,
    "modeP_shift_dist": {
      "1": 227,
      "0": 40576
    },
    "degP_shift_dist": {
      "7": 68,
      "6": 4909,
      "5": 27543,
      "4": 8283
    },
    "min_phiP": 2903.6351431859007,
    "min_phiP_witness": {
      "n": 23,
      "g6": "V?????????????_?G?@??C??G?CG??E???o??B?B|S??",
      "mode": 7,
      "lambda_mode": 0.7243222911797104,
      "leaf": 7,
      "support": 19,
      "mode_p": 6,
      "mode_p_shift": 0,
      "deg_p": 11,
      "deg_p_shift": 5,
      "phi_p": 2903.6351431859007,
      "mu_p": 5.60757253818552,
      "mu_gap": 0.6075725381855204,
      "degree_signature": {
        "1": 9,
        "2": 13,
        "9": 1
      }
    },
    "min_mu_gap": 0.536836640498632,
    "min_mu_gap_witness": {
      "n": 23,
      "g6": "V?????????O?O?G?A??O?`?@A??I??B???W?KG??Sg??",
      "mode": 7,
      "lambda_mode": 0.8916258351893096,
      "leaf": 10,
      "support": 20,
      "mode_p": 6,
      "mode_p_shift": 0,
      "deg_p": 10,
      "deg_p_shift": 4,
      "phi_p": 5347.734930074285,
      "mu_p": 5.536836640498632,
      "mu_gap": 0.536836640498632,
      "degree_signature": {
        "1": 5,
        "2": 16,
        "3": 1,
        "4": 1
      }
    },
    "min_lambda_gap": 0.028282831932554653,
    "min_lambda_gap_witness": {
      "n": 23,
      "g6": "V???????????????O?A??g??W??K??B??_W?O@_?ii??",
      "mode": 7,
      "lambda_mode": 0.7725881570192947,
      "leaf": 4,
      "support": 17,
      "mode_p": 6,
      "mode_p_shift": 0,
      "deg_p": 12,
      "deg_p_shift": 6,
      "phi_p": 3789.771693675674,
      "mu_p": 5.645950004272352,
      "mu_gap": 0.6459500042723523,
      "degree_signature": {
        "1": 8,
        "2": 12,
        "3": 2,
        "6": 1
      },
      "tau_p": 0.7443053250867401,
      "lambda_gap": 0.028282831932554653,
      "tau_mu_gap": 0.5515001070773913
    },
    "min_tau_mu_gap": 0.4192682195640627,
    "min_tau_mu_gap_witness": {
      "n": 23,
      "g6": "V?????????O?O?G?A??O?@_?D?C@???o@a??EG??Ag??",
      "mode": 7,
      "lambda_mode": 0.9053028560916156,
      "leaf": 10,
      "support": 19,
      "mode_p": 6,
      "mode_p_shift": 0,
      "deg_p": 10,
      "deg_p_shift": 4,
      "phi_p": 6033.298324793696,
      "mu_p": 5.5587938277565625,
      "mu_gap": 0.5587938277565625,
      "degree_signature": {
        "1": 5,
        "2": 15,
        "3": 3
      },
      "tau_p": 0.843328335832084,
      "lambda_gap": 0.06197452025953165,
      "tau_mu_gap": 0.4192682195640627
    },
    "small_deg_shift_cases": []
  },
  "per_n": {
    "23": {
      "seen": 2490302,
      "considered": 40803,
      "checked": 40803,
      "no_deg2_support": 0,
      "phiP_fail": 0,
      "lambda_gap_fail": 0,
      "modeP_fail": 0,
      "ulc_fail": 0,
      "tau_skipped": 0,
      "modeP_shift_dist": {
        "1": 227,
        "0": 40576
      },
      "degP_shift_dist": {
        "7": 68,
        "6": 4909,
        "5": 27543,
        "4": 8283
      },
      "min_phiP": 2903.6351431859007,
      "min_phiP_witness": {
        "n": 23,
        "g6": "V?????????????_?G?@??C??G?CG??E???o??B?B|S??",
        "mode": 7,
        "lambda_mode": 0.7243222911797104,
        "leaf": 7,
        "support": 19,
        "mode_p": 6,
        "mode_p_shift": 0,
        "deg_p": 11,
        "deg_p_shift": 5,
        "phi_p": 2903.6351431859007,
        "mu_p": 5.60757253818552,
        "mu_gap": 0.6075725381855204,
        "degree_signature": {
          "1": 9,
          "2": 13,
          "9": 1
        }
      },
      "min_mu_gap": 0.536836640498632,
      "min_mu_gap_witness": {
        "n": 23,
        "g6": "V?????????O?O?G?A??O?`?@A??I??B???W?KG??Sg??",
        "mode": 7,
        "lambda_mode": 0.8916258351893096,
        "leaf": 10,
        "support": 20,
        "mode_p": 6,
        "mode_p_shift": 0,
        "deg_p": 10,
        "deg_p_shift": 4,
        "phi_p": 5347.734930074285,
        "mu_p": 5.536836640498632,
        "mu_gap": 0.536836640498632,
        "degree_signature": {
          "1": 5,
          "2": 16,
          "3": 1,
          "4": 1
        }
      },
      "min_lambda_gap": 0.028282831932554653,
      "min_lambda_gap_witness": {
        "n": 23,
        "g6": "V???????????????O?A??g??W??K??B??_W?O@_?ii??",
        "mode": 7,
        "lambda_mode": 0.7725881570192947,
        "leaf": 4,
        "support": 17,
        "mode_p": 6,
        "mode_p_shift": 0,
        "deg_p": 12,
        "deg_p_shift": 6,
        "phi_p": 3789.771693675674,
        "mu_p": 5.645950004272352,
        "mu_gap": 0.6459500042723523,
        "degree_signature": {
          "1": 8,
          "2": 12,
          "3": 2,
          "6": 1
        },
        "tau_p": 0.7443053250867401,
        "lambda_gap": 0.028282831932554653,
        "tau_mu_gap": 0.5515001070773913
      },
      "min_tau_mu_gap": 0.4192682195640627,
      "min_tau_mu_gap_witness": {
        "n": 23,
        "g6": "V?????????O?O?G?A??O?@_?D?C@???o@a??EG??Ag??",
        "mode": 7,
        "lambda_mode": 0.9053028560916156,
        "leaf": 10,
        "support": 19,
        "mode_p": 6,
        "mode_p_shift": 0,
        "deg_p": 10,
        "deg_p_shift": 4,
        "phi_p": 6033.298324793696,
        "mu_p": 5.5587938277565625,
        "mu_gap": 0.5587938277565625,
        "degree_signature": {
          "1": 5,
          "2": 15,
          "3": 3
        },
        "tau_p": 0.843328335832084,
        "lambda_gap": 0.06197452025953165,
        "tau_mu_gap": 0.4192682195640627
      },
      "small_deg_shift_cases": [],
      "wall_s": 56.54059982299805
    }
  }
}