{
  "params": {
    "min_k": 2,
    "max_k": 40,
    "verify_mode_max": 40,
    "sample_every": 5
  },
  "summary": {
    "checked_k": 39,
    "mode_formula_fail": 0,
    "mode_formula_first_fail": null,
    "mins": {
      "margin": {
        "value": 0.3414628832236488,
        "k": 40
      },
      "c1": {
        "value": 0.16883116883116878,
        "k": 2
      },
      "c2": {
        "value": 0.6829260116000384,
        "k": 40
      },
      "dmu": {
        "value": 0.2307399848823457,
        "k": 3
      }
    },
    "mins_by_k_mod_3": {
      "0": {
        "margin": {
          "value": 0.34999905572981405,
          "k": 39
        },
        "c1": {
          "value": 0.1814807526877864,
          "k": 39
        },
        "c2": {
          "value": 0.6999985531585438,
          "k": 39
        },
        "dmu": {
          "value": 0.2307399848823457,
          "k": 3
        }
      },
      "1": {
        "margin": {
          "value": 0.3414628832236488,
          "k": 40
        },
        "c1": {
          "value": 0.17383551467101555,
          "k": 40
        },
        "c2": {
          "value": 0.6829260116000384,
          "k": 40
        },
        "dmu": {
          "value": 0.33342421864329874,
          "k": 4
        }
      },
      "2": {
        "margin": {
          "value": 0.35897269131355003,
          "k": 38
        },
        "c1": {
          "value": 0.16883116883116878,
          "k": 2
        },
        "c2": {
          "value": 0.7179461734792056,
          "k": 38
        },
        "dmu": {
          "value": 0.241678850950374,
          "k": 2
        }
      }
    },
    "max_abs_alpha_plus_beta_minus_1": 2.220446049250313e-16,
    "max_abs_combined_minus_margin": 9.270362255620057e-15,
    "wall_s": 0.00030303001403808594
  },
  "samples": [
    {
      "k": 2,
      "n": 5,
      "mode": 2,
      "lambda_mode": 0.8333333333333333,
      "margin": 0.4362447454460534,
      "c1": 0.16883116883116878,
      "c2": 0.9271523178807948,
      "dmu": 0.241678850950374
    },
    {
      "k": 7,
      "n": 15,
      "mode": 5,
      "lambda_mode": 0.8415841584158416,
      "margin": 0.3801983574384078,
      "c1": 0.19899262935928164,
      "c2": 0.7620666024207114,
      "dmu": 0.4369260269385702
    },
    {
      "k": 12,
      "n": 25,
      "mode": 8,
      "lambda_mode": 0.8022774327122151,
      "margin": 0.3826226656809357,
      "c1": 0.21158101524897255,
      "c2": 0.7645024034456522,
      "dmu": 0.4470786118033203
    },
    {
      "k": 17,
      "n": 35,
      "mode": 11,
      "lambda_mode": 0.7860702585906467,
      "margin": 0.387679301129392,
      "c1": 0.21681466429904184,
      "c2": 0.7755179999401562,
      "dmu": 0.4412966643588856
    },
    {
      "k": 22,
      "n": 45,
      "mode": 15,
      "lambda_mode": 0.9375353633990565,
      "margin": 0.3475848613305512,
      "c1": 0.179344916094907,
      "c2": 0.6952343114055441,
      "dmu": 0.48411060468936284
    },
    {
      "k": 27,
      "n": 55,
      "mode": 18,
      "lambda_mode": 0.900004431954209,
      "margin": 0.357082247584966,
      "c1": 0.18792382736867808,
      "c2": 0.7141871745717054,
      "dmu": 0.47373665279697263
    },
    {
      "k": 32,
      "n": 65,
      "mode": 21,
      "lambda_mode": 0.8750005536349864,
      "margin": 0.36362260588425244,
      "c1": 0.19392869669221113,
      "c2": 0.7272512525001744,
      "dmu": 0.4666774441920367
    },
    {
      "k": 37,
      "n": 75,
      "mode": 25,
      "lambda_mode": 0.961538504680032,
      "margin": 0.3421036897822951,
      "c1": 0.17440540868700438,
      "c2": 0.6842080819087286,
      "dmu": 0.49019732677827577
    },
    {
      "k": 40,
      "n": 81,
      "mode": 27,
      "lambda_mode": 0.964285725336145,
      "margin": 0.3414628832236488,
      "c1": 0.17383551467101555,
      "c2": 0.6829260116000384,
      "dmu": 0.49090950307097714
    }
  ]
}