{
  "params": {
    "min_k": 41,
    "max_k": 500,
    "verify_mode_max": 0,
    "sample_every": 25
  },
  "summary": {
    "checked_k": 460,
    "mode_formula_fail": 0,
    "mode_formula_first_fail": null,
    "mins": {
      "margin": {
        "value": 0.3339999999929546,
        "k": 499
      },
      "c1": {
        "value": 0.16725037480557603,
        "k": 499
      },
      "c2": {
        "value": 0.6679999999929578,
        "k": 499
      },
      "dmu": {
        "value": 0.4736846233625691,
        "k": 41
      }
    },
    "mins_by_k_mod_3": {
      "0": {
        "margin": {
          "value": 0.33466933868038495,
          "k": 498
        },
        "c1": {
          "value": 0.16783717585616387,
          "k": 498
        },
        "c2": {
          "value": 0.6693386773577572,
          "k": 498
        },
        "dmu": {
          "value": 0.4827588571921311,
          "k": 42
        }
      },
      "1": {
        "margin": {
          "value": 0.3339999999929546,
          "k": 499
        },
        "c1": {
          "value": 0.16725037480557603,
          "k": 499
        },
        "c2": {
          "value": 0.6679999999929578,
          "k": 499
        },
        "dmu": {
          "value": 0.49152555842679746,
          "k": 43
        }
      },
      "2": {
        "margin": {
          "value": 0.33532934131545744,
          "k": 500
        },
        "c1": {
          "value": 0.16841653016649616,
          "k": 500
        },
        "c2": {
          "value": 0.6706586826327907,
          "k": 500
        },
        "dmu": {
          "value": 0.4736846233625691,
          "k": 41
        }
      }
    },
    "max_abs_alpha_plus_beta_minus_1": 2.220446049250313e-16,
    "max_abs_combined_minus_margin": 7.499556531342932e-14,
    "wall_s": 0.004197835922241211
  },
  "samples": [
    {
      "k": 41,
      "n": 83,
      "mode": 27,
      "lambda_mode": 0.9000000097230044,
      "margin": 0.35714229331728475,
      "c1": 0.18796948404688507,
      "c2": 0.714284860684316,
      "dmu": 0.4736846233625691
    },
    {
      "k": 66,
      "n": 133,
      "mode": 44,
      "lambda_mode": 0.95652173913052,
      "margin": 0.3432835820532816,
      "c1": 0.1754560530398166,
      "c2": 0.6865671641253783,
      "dmu": 0.48888888891443827
    },
    {
      "k": 91,
      "n": 183,
      "mode": 61,
      "lambda_mode": 0.9838709677419337,
      "margin": 0.33695652173908996,
      "c1": 0.16984800282782686,
      "c2": 0.6739130434782155,
      "dmu": 0.4959349593496114
    },
    {
      "k": 116,
      "n": 233,
      "mode": 77,
      "lambda_mode": 0.9625000000000075,
      "margin": 0.3418803418805396,
      "c1": 0.17420654363350252,
      "c2": 0.6837606837608803,
      "dmu": 0.49044585987262224
    },
    {
      "k": 141,
      "n": 283,
      "mode": 94,
      "lambda_mode": 0.9791666666666659,
      "margin": 0.3380281690140521,
      "c1": 0.1707931801334155,
      "c2": 0.6760563380281468,
      "dmu": 0.4947368421052687
    },
    {
      "k": 166,
      "n": 333,
      "mode": 111,
      "lambda_mode": 0.9910714285714393,
      "margin": 0.3353293413177738,
      "c1": 0.1684165301687841,
      "c2": 0.6706586826351355,
      "dmu": 0.4977578475336486
    },
    {
      "k": 191,
      "n": 383,
      "mode": 127,
      "lambda_mode": 0.976923076923064,
      "margin": 0.33854166666610297,
      "c1": 0.17124675745726847,
      "c2": 0.6770833333327602,
      "dmu": 0.4941634241245083
    },
    {
      "k": 216,
      "n": 433,
      "mode": 144,
      "lambda_mode": 0.986301369862992,
      "margin": 0.3364055299528559,
      "c1": 0.16936278404469363,
      "c2": 0.6728110599067918,
      "dmu": 0.49655172413790183
    },
    {
      "k": 241,
      "n": 483,
      "mode": 161,
      "lambda_mode": 0.9938271604938225,
      "margin": 0.334710743801395,
      "c1": 0.16787349998696754,
      "c2": 0.6694214876030458,
      "dmu": 0.4984520123839218
    },
    {
      "k": 266,
      "n": 533,
      "mode": 177,
      "lambda_mode": 0.9833333333333496,
      "margin": 0.33707865168636886,
      "c1": 0.16995562269949005,
      "c2": 0.6741573033717714,
      "dmu": 0.4957983193277187
    },
    {
      "k": 291,
      "n": 583,
      "mode": 194,
      "lambda_mode": 0.9897959183673343,
      "margin": 0.3356164383553448,
      "c1": 0.1686687741474202,
      "c2": 0.6712328767115423,
      "dmu": 0.4974358974358779
    },
    {
      "k": 316,
      "n": 633,
      "mode": 211,
      "lambda_mode": 0.9952830188679442,
      "margin": 0.3343848580455244,
      "c1": 0.1675876829928029,
      "c2": 0.6687697160897415,
      "dmu": 0.49881796690306146
    },
    {
      "k": 341,
      "n": 683,
      "mode": 227,
      "lambda_mode": 0.9869565217391515,
      "margin": 0.33625730994310743,
      "c1": 0.1692323441735084,
      "c2": 0.6725146198846517,
      "dmu": 0.49671772428885674
    },
    {
      "k": 366,
      "n": 733,
      "mode": 244,
      "lambda_mode": 0.9918699186991576,
      "margin": 0.3351498637578061,
      "c1": 0.16825891119151493,
      "c2": 0.6702997275180564,
      "dmu": 0.4979591836734585
    },
    {
      "k": 391,
      "n": 783,
      "mode": 261,
      "lambda_mode": 0.9961832061068239,
      "margin": 0.3341836734653043,
      "c1": 0.16741132399016578,
      "c2": 0.6683673469347013,
      "dmu": 0.49904397705546444
    },
    {
      "k": 416,
      "n": 833,
      "mode": 277,
      "lambda_mode": 0.9892857142857296,
      "margin": 0.3357314148695423,
      "c1": 0.16876983153304081,
      "c2": 0.6714628297376635,
      "dmu": 0.49730700179537735
    },
    {
      "k": 441,
      "n": 883,
      "mode": 294,
      "lambda_mode": 0.9932432432432257,
      "margin": 0.3348416289575198,
      "c1": 0.1679883426625679,
      "c2": 0.6696832579168017,
      "dmu": 0.4983050847457662
    },
    {
      "k": 466,
      "n": 933,
      "mode": 311,
      "lambda_mode": 0.9967948717948821,
      "margin": 0.33404710920876823,
      "c1": 0.16729165019825132,
      "c2": 0.6680942184165133,
      "dmu": 0.49919743178173803
    },
    {
      "k": 491,
      "n": 983,
      "mode": 327,
      "lambda_mode": 0.9909090909090155,
      "margin": 0.33536585365021665,
      "c1": 0.16844860228587777,
      "c2": 0.6707317073087324,
      "dmu": 0.49771689497714533
    },
    {
      "k": 500,
      "n": 1001,
      "mode": 333,
      "lambda_mode": 0.9910714285714112,
      "margin": 0.33532934131545744,
      "c1": 0.16841653016649616,
      "c2": 0.6706586826327907,
      "dmu": 0.49775784753370544
    }
  ]
}