{
  "params": {
    "min_n": 23,
    "max_n": 23,
    "all_trees": false,
    "tol": 1e-12,
    "res": 5,
    "mod": 8
  },
  "summary": {
    "seen": 2490302,
    "considered": 40803,
    "checked": 40803,
    "no_deg2_support": 0,
    "half_violation": 0,
    "exact_violation": 0,
    "max_D": 0.44664775934603274,
    "max_D_witness": {
      "n": 23,
      "g6": "V?????????????_?W?B??K??W??W??E???o??B??LS??",
      "mode": 7,
      "lambda_mode": 0.8489983339428664,
      "leaf": 7,
      "support": 19,
      "mu_p": 5.568336076420999,
      "mu_b": 6.0149838357670316,
      "D": 0.44664775934603274,
      "a": 0.45916663003824004,
      "half_excess": -0.053352240653967264,
      "exact_excess": -0.09418561061572728,
      "p_u": 0.4315076998170766
    },
    "max_half_excess": -0.053352240653967264,
    "max_half_excess_witness": {
      "n": 23,
      "g6": "V?????????????_?W?B??K??W??W??E???o??B??LS??",
      "mode": 7,
      "lambda_mode": 0.8489983339428664,
      "leaf": 7,
      "support": 19,
      "mu_p": 5.568336076420999,
      "mu_b": 6.0149838357670316,
      "D": 0.44664775934603274,
      "a": 0.45916663003824004,
      "half_excess": -0.053352240653967264,
      "exact_excess": -0.09418561061572728,
      "p_u": 0.4315076998170766
    },
    "max_exact_excess": -0.09418561061572728,
    "max_exact_excess_witness": {
      "n": 23,
      "g6": "V?????????????_?W?B??K??W??W??E???o??B??LS??",
      "mode": 7,
      "lambda_mode": 0.8489983339428664,
      "leaf": 7,
      "support": 19,
      "mu_p": 5.568336076420999,
      "mu_b": 6.0149838357670316,
      "D": 0.44664775934603274,
      "a": 0.45916663003824004,
      "half_excess": -0.053352240653967264,
      "exact_excess": -0.09418561061572728,
      "p_u": 0.4315076998170766
    },
    "max_p_u": 0.4315076998170766,
    "max_p_u_witness": {
      "n": 23,
      "g6": "V?????????????_?W?B??K??W??W??E???o??B??LS??",
      "mode": 7,
      "lambda_mode": 0.8489983339428664,
      "leaf": 7,
      "support": 19,
      "mu_p": 5.568336076420999,
      "mu_b": 6.0149838357670316,
      "D": 0.44664775934603274,
      "a": 0.45916663003824004,
      "half_excess": -0.053352240653967264,
      "exact_excess": -0.09418561061572728,
      "p_u": 0.4315076998170766
    }
  },
  "per_n": {
    "23": {
      "seen": 2490302,
      "considered": 40803,
      "checked": 40803,
      "no_deg2_support": 0,
      "half_violation": 0,
      "exact_violation": 0,
      "max_D": 0.44664775934603274,
      "max_D_witness": {
        "n": 23,
        "g6": "V?????????????_?W?B??K??W??W??E???o??B??LS??",
        "mode": 7,
        "lambda_mode": 0.8489983339428664,
        "leaf": 7,
        "support": 19,
        "mu_p": 5.568336076420999,
        "mu_b": 6.0149838357670316,
        "D": 0.44664775934603274,
        "a": 0.45916663003824004,
        "half_excess": -0.053352240653967264,
        "exact_excess": -0.09418561061572728,
        "p_u": 0.4315076998170766
      },
      "max_half_excess": -0.053352240653967264,
      "max_half_excess_witness": {
        "n": 23,
        "g6": "V?????????????_?W?B??K??W??W??E???o??B??LS??",
        "mode": 7,
        "lambda_mode": 0.8489983339428664,
        "leaf": 7,
        "support": 19,
        "mu_p": 5.568336076420999,
        "mu_b": 6.0149838357670316,
        "D": 0.44664775934603274,
        "a": 0.45916663003824004,
        "half_excess": -0.053352240653967264,
        "exact_excess": -0.09418561061572728,
        "p_u": 0.4315076998170766
      },
      "max_exact_excess": -0.09418561061572728,
      "max_exact_excess_witness": {
        "n": 23,
        "g6": "V?????????????_?W?B??K??W??W??E???o??B??LS??",
        "mode": 7,
        "lambda_mode": 0.8489983339428664,
        "leaf": 7,
        "support": 19,
        "mu_p": 5.568336076420999,
        "mu_b": 6.0149838357670316,
        "D": 0.44664775934603274,
        "a": 0.45916663003824004,
        "half_excess": -0.053352240653967264,
        "exact_excess": -0.09418561061572728,
        "p_u": 0.4315076998170766
      },
      "max_p_u": 0.4315076998170766,
      "max_p_u_witness": {
        "n": 23,
        "g6": "V?????????????_?W?B??K??W??W??E???o??B??LS??",
        "mode": 7,
        "lambda_mode": 0.8489983339428664,
        "leaf": 7,
        "support": 19,
        "mu_p": 5.568336076420999,
        "mu_b": 6.0149838357670316,
        "D": 0.44664775934603274,
        "a": 0.45916663003824004,
        "half_excess": -0.053352240653967264,
        "exact_excess": -0.09418561061572728,
        "p_u": 0.4315076998170766
      },
      "wall_s": 58.36249494552612
    }
  }
}