{
  "params": {
    "k_min": 1,
    "k_max": 30,
    "j_min": 0,
    "j_max": 30,
    "tol": 1e-12,
    "out": "results/whnc_mixed_spider_combined_smoke_k30_j30.json"
  },
  "overall": {
    "combined_fail": 0,
    "global_min_combined": {
      "k": 30,
      "j": 1,
      "n": 62,
      "mode": 21,
      "lambda_mode": 0.9778274614834339,
      "margin": 0.34434701606997464,
      "c1": -0.1500576158089153,
      "c2": 0.8499653099265778,
      "w1": 0.505606702451075,
      "w2": 0.494393297548925,
      "combined": 0.34434701606997886,
      "identity_err": 4.218847493575595e-15,
      "leaf_type": "unit"
    },
    "wall_s": 0.008741140365600586
  },
  "tip_leaf": {
    "count": 930,
    "c1_neg_count": 0,
    "min_combined": {
      "value": 0.3443470160699805,
      "witness": {
        "k": 30,
        "j": 1,
        "n": 62,
        "mode": 21,
        "lambda_mode": 0.9778274614834339,
        "margin": 0.34434701606997464,
        "c1": 0.17707869832847933,
        "c2": 0.6826757910247956,
        "w1": 0.6691667729941441,
        "w2": 0.33083322700585593,
        "combined": 0.3443470160699805,
        "identity_err": 5.88418203051333e-15,
        "leaf_type": "tip"
      }
    },
    "min_c1": {
      "value": 0.168831168831169,
      "witness": {
        "k": 2,
        "j": 0,
        "n": 5,
        "mode": 2,
        "lambda_mode": 0.8333333333333334,
        "margin": 0.4362447454460534,
        "c1": 0.168831168831169,
        "c2": 0.9271523178807948,
        "w1": 0.6473610462400747,
        "w2": 0.3526389537599252,
        "combined": 0.43624474544605335,
        "identity_err": -5.551115123125783e-17,
        "leaf_type": "tip"
      }
    },
    "min_c2": {
      "value": 0.6826757910247956,
      "witness": {
        "k": 30,
        "j": 1,
        "n": 62,
        "mode": 21,
        "lambda_mode": 0.9778274614834339,
        "margin": 0.34434701606997464,
        "c1": 0.17707869832847933,
        "c2": 0.6826757910247956,
        "w1": 0.6691667729941441,
        "w2": 0.33083322700585593,
        "combined": 0.3443470160699805,
        "identity_err": 5.88418203051333e-15,
        "leaf_type": "tip"
      }
    },
    "min_margin": {
      "value": 0.34434701606997464,
      "witness": {
        "k": 30,
        "j": 1,
        "n": 62,
        "mode": 21,
        "lambda_mode": 0.9778274614834339,
        "margin": 0.34434701606997464,
        "c1": 0.17707869832847933,
        "c2": 0.6826757910247956,
        "w1": 0.6691667729941441,
        "w2": 0.33083322700585593,
        "combined": 0.3443470160699805,
        "identity_err": 5.88418203051333e-15,
        "leaf_type": "tip"
      }
    },
    "min_combined_when_c1_neg": null,
    "max_w1_when_c1_neg": null,
    "min_beta_guard_when_c1_neg": null,
    "max_abs_identity_err": 1.3655743202889425e-14
  },
  "unit_leaf": {
    "count": 900,
    "c1_neg_count": 737,
    "min_combined": {
      "value": 0.34434701606997886,
      "witness": {
        "k": 30,
        "j": 1,
        "n": 62,
        "mode": 21,
        "lambda_mode": 0.9778274614834339,
        "margin": 0.34434701606997464,
        "c1": -0.1500576158089153,
        "c2": 0.8499653099265778,
        "w1": 0.505606702451075,
        "w2": 0.494393297548925,
        "combined": 0.34434701606997886,
        "identity_err": 4.218847493575595e-15,
        "leaf_type": "unit"
      }
    },
    "min_c1": {
      "value": -0.1500576158089153,
      "witness": {
        "k": 30,
        "j": 1,
        "n": 62,
        "mode": 21,
        "lambda_mode": 0.9778274614834339,
        "margin": 0.34434701606997464,
        "c1": -0.1500576158089153,
        "c2": 0.8499653099265778,
        "w1": 0.505606702451075,
        "w2": 0.494393297548925,
        "combined": 0.34434701606997886,
        "identity_err": 4.218847493575595e-15,
        "leaf_type": "unit"
      }
    },
    "min_c2": {
      "value": 0.8499653099265778,
      "witness": {
        "k": 30,
        "j": 1,
        "n": 62,
        "mode": 21,
        "lambda_mode": 0.9778274614834339,
        "margin": 0.34434701606997464,
        "c1": -0.1500576158089153,
        "c2": 0.8499653099265778,
        "w1": 0.505606702451075,
        "w2": 0.494393297548925,
        "combined": 0.34434701606997886,
        "identity_err": 4.218847493575595e-15,
        "leaf_type": "unit"
      }
    },
    "min_margin": {
      "value": 0.34434701606997464,
      "witness": {
        "k": 30,
        "j": 1,
        "n": 62,
        "mode": 21,
        "lambda_mode": 0.9778274614834339,
        "margin": 0.34434701606997464,
        "c1": -0.1500576158089153,
        "c2": 0.8499653099265778,
        "w1": 0.505606702451075,
        "w2": 0.494393297548925,
        "combined": 0.34434701606997886,
        "identity_err": 4.218847493575595e-15,
        "leaf_type": "unit"
      }
    },
    "min_combined_when_c1_neg": {
      "value": 0.34434701606997886,
      "witness": {
        "k": 30,
        "j": 1,
        "n": 62,
        "mode": 21,
        "lambda_mode": 0.9778274614834339,
        "margin": 0.34434701606997464,
        "c1": -0.1500576158089153,
        "c2": 0.8499653099265778,
        "w1": 0.505606702451075,
        "w2": 0.494393297548925,
        "combined": 0.34434701606997886,
        "identity_err": 4.218847493575595e-15,
        "leaf_type": "unit"
      }
    },
    "max_w1_when_c1_neg": {
      "value": 0.5765719146962658,
      "witness": {
        "k": 10,
        "j": 1,
        "n": 22,
        "mode": 7,
        "lambda_mode": 0.7499482936918304,
        "margin": 0.4147181428210045,
        "c1": -0.014984911464675399,
        "c2": 0.9998345329693059,
        "w1": 0.5765719146962658,
        "w2": 0.42342808530373427,
        "combined": 0.41471814282100466,
        "identity_err": 1.6653345369377348e-16,
        "leaf_type": "unit"
      }
    },
    "min_beta_guard_when_c1_neg": {
      "value": 0.3443391218423516,
      "witness": {
        "k": 30,
        "j": 1,
        "n": 62,
        "mode": 21,
        "lambda_mode": 0.9778274614834339,
        "margin": 0.34434701606997464,
        "c1": -0.1500576158089153,
        "c2": 0.8499653099265778,
        "w1": 0.505606702451075,
        "w2": 0.494393297548925,
        "combined": 0.34434701606997886,
        "identity_err": 4.218847493575595e-15,
        "leaf_type": "unit"
      }
    },
    "max_abs_identity_err": 1.2490009027033011e-14
  }
}