{
  "params": {
    "min_n": 3,
    "max_n": 23,
    "tol": 1e-12
  },
  "summary": {
    "seen": 23942357,
    "considered": 931596,
    "global_fail": 0,
    "local_fail": 54,
    "minimum_global_margin": 0.27615847319174214,
    "minimum_local_margin": -0.10158506746109458,
    "worst_global": {
      "n": 22,
      "g6": "U???????C?G?G?C?@??G??_?@_CA_B?_?W_?@`??",
      "core_size": 16,
      "A_size": 6,
      "H_size": 1,
      "excess": 6.188425169528777e-06,
      "supply": 0.27616466161691167,
      "margin": 0.27615847319174214
    },
    "worst_local": {
      "n": 23,
      "g6": "V?????????????????E??K??K??E??@_??K???oDTT??",
      "u_core_index": 14,
      "u_is_A": true,
      "degH_u": 7,
      "heavy_neighbors": [
        0,
        1,
        2,
        3,
        4,
        5,
        6
      ],
      "local_excess": 0.4280166038656802,
      "local_supply": 0.3264315364045856,
      "margin": -0.10158506746109458
    },
    "wall_s": 757.1649520397186
  },
  "per_n": {
    "3": {
      "seen": 1,
      "considered": 0,
      "global_fail": 0,
      "local_fail": 0,
      "wall_s": 0.0046579837799072266
    },
    "4": {
      "seen": 2,
      "considered": 1,
      "global_fail": 0,
      "local_fail": 0,
      "wall_s": 0.0032439231872558594
    },
    "5": {
      "seen": 3,
      "considered": 1,
      "global_fail": 0,
      "local_fail": 0,
      "wall_s": 0.003352642059326172
    },
    "6": {
      "seen": 6,
      "considered": 2,
      "global_fail": 0,
      "local_fail": 0,
      "wall_s": 0.0035657882690429688
    },
    "7": {
      "seen": 11,
      "considered": 3,
      "global_fail": 0,
      "local_fail": 0,
      "wall_s": 0.00485682487487793
    },
    "8": {
      "seen": 23,
      "considered": 6,
      "global_fail": 0,
      "local_fail": 0,
      "wall_s": 0.003652811050415039
    },
    "9": {
      "seen": 47,
      "considered": 10,
      "global_fail": 0,
      "local_fail": 0,
      "wall_s": 0.0037050247192382812
    },
    "10": {
      "seen": 106,
      "considered": 21,
      "global_fail": 0,
      "local_fail": 0,
      "wall_s": 0.0048980712890625
    },
    "11": {
      "seen": 235,
      "considered": 39,
      "global_fail": 0,
      "local_fail": 0,
      "wall_s": 0.009387016296386719
    },
    "12": {
      "seen": 551,
      "considered": 82,
      "global_fail": 0,
      "local_fail": 0,
      "wall_s": 0.016839027404785156
    },
    "13": {
      "seen": 1301,
      "considered": 167,
      "global_fail": 0,
      "local_fail": 0,
      "wall_s": 0.03359794616699219
    },
    "14": {
      "seen": 3159,
      "considered": 360,
      "global_fail": 0,
      "local_fail": 0,
      "wall_s": 0.06858396530151367
    },
    "15": {
      "seen": 7741,
      "considered": 766,
      "global_fail": 0,
      "local_fail": 0,
      "wall_s": 0.16516399383544922
    },
    "16": {
      "seen": 19320,
      "considered": 1692,
      "global_fail": 0,
      "local_fail": 0,
      "wall_s": 0.4046502113342285
    },
    "17": {
      "seen": 48629,
      "considered": 3726,
      "global_fail": 0,
      "local_fail": 0,
      "wall_s": 1.091501235961914
    },
    "18": {
      "seen": 123867,
      "considered": 8370,
      "global_fail": 0,
      "local_fail": 0,
      "wall_s": 2.8724498748779297
    },
    "19": {
      "seen": 317955,
      "considered": 18866,
      "global_fail": 0,
      "local_fail": 1,
      "wall_s": 7.775331735610962
    },
    "20": {
      "seen": 823065,
      "considered": 43029,
      "global_fail": 0,
      "local_fail": 1,
      "wall_s": 22.172774076461792
    },
    "21": {
      "seen": 2144505,
      "considered": 98581,
      "global_fail": 0,
      "local_fail": 3,
      "wall_s": 61.06047487258911
    },
    "22": {
      "seen": 5623756,
      "considered": 227678,
      "global_fail": 0,
      "local_fail": 14,
      "wall_s": 171.2133710384369
    },
    "23": {
      "seen": 14828074,
      "considered": 528196,
      "global_fail": 0,
      "local_fail": 35,
      "wall_s": 490.24787306785583
    }
  }
}