{
  "params": {
    "min_n": 4,
    "max_n": 20,
    "tol": 1e-12,
    "all_trees": false,
    "canonical_leaf_only": true
  },
  "summary": {
    "seen": 1346021,
    "considered": 77141,
    "checked_trees": 77141,
    "checked_leaves": 77141,
    "fail_half": 0,
    "fail_exact": 0,
    "min_half_slack": 0.2053400949297961,
    "min_half_witness": {
      "n": 20,
      "g6": "S???????C?G?G?C?@??G??_?@??@?F~_?",
      "mode": 7,
      "lambda_mode": 0.9469606674612634,
      "leaf": 10,
      "support": 0,
      "mu_b": 5.705340094929796,
      "degree_signature": {
        "1": 10,
        "2": 9,
        "10": 1
      },
      "half_slack": 0.2053400949297961
    },
    "min_exact_slack": 0.1917190358541916,
    "min_exact_witness": {
      "n": 20,
      "g6": "S???????C?G?G?C?@??G??_?@??@?F~_?",
      "mode": 7,
      "lambda_mode": 0.9469606674612634,
      "leaf": 10,
      "support": 0,
      "mu_b": 5.705340094929796,
      "degree_signature": {
        "1": 10,
        "2": 9,
        "10": 1
      },
      "exact_slack": 0.1917190358541916
    }
  },
  "per_n": {
    "4": {
      "seen": 2,
      "considered": 1,
      "checked_trees": 1,
      "checked_leaves": 1,
      "fail_half": 0,
      "fail_exact": 0,
      "min_half_slack": 0.8333333333333333,
      "min_half_witness": {
        "n": 4,
        "g6": "CU",
        "mode": 1,
        "lambda_mode": 0.25,
        "leaf": 1,
        "support": 3,
        "mu_b": 0.3333333333333333,
        "degree_signature": {
          "1": 2,
          "2": 2
        },
        "half_slack": 0.8333333333333333
      },
      "min_exact_slack": 0.5333333333333333,
      "min_exact_witness": {
        "n": 4,
        "g6": "CU",
        "mode": 1,
        "lambda_mode": 0.25,
        "leaf": 1,
        "support": 3,
        "mu_b": 0.3333333333333333,
        "degree_signature": {
          "1": 2,
          "2": 2
        },
        "exact_slack": 0.5333333333333333
      },
      "wall_s": 0.0024268627166748047
    },
    "5": {
      "seen": 3,
      "considered": 1,
      "checked_trees": 1,
      "checked_leaves": 1,
      "fail_half": 0,
      "fail_exact": 0,
      "min_half_slack": 0.4271523178807948,
      "min_half_witness": {
        "n": 5,
        "g6": "DQo",
        "mode": 2,
        "lambda_mode": 0.8333333333333334,
        "leaf": 2,
        "support": 0,
        "mu_b": 0.9271523178807948,
        "degree_signature": {
          "1": 2,
          "2": 3
        },
        "half_slack": 0.4271523178807948
      },
      "min_exact_slack": 0.38169777242624936,
      "min_exact_witness": {
        "n": 5,
        "g6": "DQo",
        "mode": 2,
        "lambda_mode": 0.8333333333333334,
        "leaf": 2,
        "support": 0,
        "mu_b": 0.9271523178807948,
        "degree_signature": {
          "1": 2,
          "2": 3
        },
        "exact_slack": 0.38169777242624936
      },
      "wall_s": 0.0018110275268554688
    },
    "6": {
      "seen": 6,
      "considered": 2,
      "checked_trees": 2,
      "checked_leaves": 2,
      "fail_half": 0,
      "fail_exact": 0,
      "min_half_slack": 0.5178571428571428,
      "min_half_witness": {
        "n": 6,
        "g6": "ECR_",
        "mode": 2,
        "lambda_mode": 0.6,
        "leaf": 3,
        "support": 0,
        "mu_b": 1.0178571428571428,
        "degree_signature": {
          "1": 3,
          "2": 2,
          "3": 1
        },
        "half_slack": 0.5178571428571428
      },
      "min_exact_slack": 0.3928571428571428,
      "min_exact_witness": {
        "n": 6,
        "g6": "ECR_",
        "mode": 2,
        "lambda_mode": 0.6,
        "leaf": 3,
        "support": 0,
        "mu_b": 1.0178571428571428,
        "degree_signature": {
          "1": 3,
          "2": 2,
          "3": 1
        },
        "exact_slack": 0.3928571428571428
      },
      "wall_s": 0.001734018325805664
    },
    "7": {
      "seen": 11,
      "considered": 3,
      "checked_trees": 3,
      "checked_leaves": 3,
      "fail_half": 0,
      "fail_exact": 0,
      "min_half_slack": 0.6075423358120353,
      "min_half_witness": {
        "n": 7,
        "g6": "FCOf?",
        "mode": 2,
        "lambda_mode": 0.4666666666666667,
        "leaf": 3,
        "support": 0,
        "mu_b": 1.1075423358120353,
        "degree_signature": {
          "1": 3,
          "2": 3,
          "3": 1
        },
        "half_slack": 0.6075423358120353
      },
      "min_exact_slack": 0.42572415399385344,
      "min_exact_witness": {
        "n": 7,
        "g6": "FCOf?",
        "mode": 2,
        "lambda_mode": 0.4666666666666667,
        "leaf": 3,
        "support": 0,
        "mu_b": 1.1075423358120353,
        "degree_signature": {
          "1": 3,
          "2": 3,
          "3": 1
        },
        "exact_slack": 0.42572415399385344
      },
      "wall_s": 0.0016968250274658203
    },
    "8": {
      "seen": 23,
      "considered": 6,
      "checked_trees": 6,
      "checked_leaves": 6,
      "fail_half": 0,
      "fail_exact": 0,
      "min_half_slack": 0.30277282437896136,
      "min_half_witness": {
        "n": 8,
        "g6": "G?`@F_",
        "mode": 3,
        "lambda_mode": 0.9130434782608695,
        "leaf": 4,
        "support": 0,
        "mu_b": 1.8027728243789614,
        "degree_signature": {
          "1": 4,
          "2": 3,
          "4": 1
        },
        "half_slack": 0.30277282437896136
      },
      "min_exact_slack": 0.28004555165168865,
      "min_exact_witness": {
        "n": 8,
        "g6": "G?`@F_",
        "mode": 3,
        "lambda_mode": 0.9130434782608695,
        "leaf": 4,
        "support": 0,
        "mu_b": 1.8027728243789614,
        "degree_signature": {
          "1": 4,
          "2": 3,
          "4": 1
        },
        "exact_slack": 0.28004555165168865
      },
      "wall_s": 0.0019457340240478516
    },
    "9": {
      "seen": 47,
      "considered": 10,
      "checked_trees": 10,
      "checked_leaves": 10,
      "fail_half": 0,
      "fail_exact": 0,
      "min_half_slack": 0.38589500980508973,
      "min_half_witness": {
        "n": 9,
        "g6": "H?`@?bo",
        "mode": 3,
        "lambda_mode": 0.7368421052631579,
        "leaf": 4,
        "support": 0,
        "mu_b": 1.8858950098050897,
        "degree_signature": {
          "1": 4,
          "2": 4,
          "4": 1
        },
        "half_slack": 0.38589500980508973
      },
      "min_exact_slack": 0.31013743404751404,
      "min_exact_witness": {
        "n": 9,
        "g6": "H?`@?bo",
        "mode": 3,
        "lambda_mode": 0.7368421052631579,
        "leaf": 4,
        "support": 0,
        "mu_b": 1.8858950098050897,
        "degree_signature": {
          "1": 4,
          "2": 4,
          "4": 1
        },
        "exact_slack": 0.31013743404751404
      },
      "wall_s": 0.002416849136352539
    },
    "10": {
      "seen": 106,
      "considered": 21,
      "checked_trees": 21,
      "checked_leaves": 21,
      "fail_half": 0,
      "fail_exact": 0,
      "min_half_slack": 0.49184465345724937,
      "min_half_witness": {
        "n": 10,
        "g6": "I?AA@AW[?",
        "mode": 3,
        "lambda_mode": 0.6206896551724138,
        "leaf": 5,
        "support": 0,
        "mu_b": 1.9918446534572494,
        "degree_signature": {
          "1": 4,
          "2": 4,
          "3": 2
        },
        "half_slack": 0.49184465345724937
      },
      "min_exact_slack": 0.3620570167941761,
      "min_exact_witness": {
        "n": 10,
        "g6": "I?AA@?O}?",
        "mode": 3,
        "lambda_mode": 0.5806451612903226,
        "leaf": 5,
        "support": 0,
        "mu_b": 1.994710078018666,
        "degree_signature": {
          "1": 5,
          "2": 4,
          "5": 1
        },
        "exact_slack": 0.3620570167941761
      },
      "wall_s": 0.0038406848907470703
    },
    "11": {
      "seen": 235,
      "considered": 39,
      "checked_trees": 39,
      "checked_leaves": 39,