{
  "params": {
    "min_k": 5001,
    "max_k": 50000,
    "verify_mode_max": 0,
    "sample_every": 5000
  },
  "summary": {
    "checked_k": 45000,
    "mode_formula_fail": 0,
    "mode_formula_first_fail": null,
    "mins": {
      "margin": {
        "value": 0.33333995565772057,
        "k": 49906
      },
      "c1": {
        "value": 0.1666724541428266,
        "k": 49906
      },
      "c2": {
        "value": 0.6666799680824624,
        "k": 49906
      },
      "dmu": {
        "value": 0.49977521354730925,
        "k": 5003
      }
    },
    "mins_by_k_mod_3": {
      "0": {
        "margin": {
          "value": 0.3333466268959455,
          "k": 49995
        },
        "c1": {
          "value": 0.1666782935790252,
          "k": 49995
        },
        "c2": {
          "value": 0.6666932946318411,
          "k": 49995
        },
        "dmu": {
          "value": 0.4998500749620689,
          "k": 5001
        }
      },
      "1": {
        "margin": {
          "value": 0.33333995565772057,
          "k": 49906
        },
        "c1": {
          "value": 0.1666724541428266,
          "k": 49906
        },
        "c2": {
          "value": 0.6666799680824624,
          "k": 49906
        },
        "dmu": {
          "value": 0.4999250487185236,
          "k": 5002
        }
      },
      "2": {
        "margin": {
          "value": 0.33335329281544546,
          "k": 49958
        },
        "c1": {
          "value": 0.16668412360741058,
          "k": 49922
        },
        "c2": {
          "value": 0.6667066425579833,
          "k": 49958
        },
        "dmu": {
          "value": 0.49977521354730925,
          "k": 5003
        }
      }
    },
    "max_abs_alpha_plus_beta_minus_1": 1.1102230246251565e-16,
    "max_abs_combined_minus_margin": 1.104993874179172e-11,
    "wall_s": 933.7729279994965
  },
  "samples": [
    {
      "k": 5001,
      "n": 10003,
      "mode": 3334,
      "lambda_mode": 0.9994004796161099,
      "margin": 0.3334666131349877,
      "c1": 0.1667833014516873,
      "c2": 0.6669332264896184,
      "dmu": 0.4998500749620689
    },
    {
      "k": 10001,
      "n": 20003,
      "mode": 6667,
      "lambda_mode": 0.9995502248872701,
      "margin": 0.33343331270134513,
      "c1": 0.16675415696863638,
      "c2": 0.6668666260384271,
      "dmu": 0.4998875309302093
    },
    {
      "k": 15001,
      "n": 30003,
      "mode": 10001,
      "lambda_mode": 0.9999000199966086,
      "margin": 0.3333555546196294,
      "c1": 0.1666861109642923,
      "c2": 0.6667111072129046,
      "dmu": 0.4999750037513877
    },
    {
      "k": 20001,
      "n": 40003,
      "mode": 13334,
      "lambda_mode": 0.9998500299969195,
      "margin": 0.33336667630646843,
      "c1": 0.16669584432929696,
      "c2": 0.6667333396399044,
      "dmu": 0.4999625046893925
    },
    {
      "k": 25001,
      "n": 50003,
      "mode": 16667,
      "lambda_mode": 0.9998200359942546,
      "margin": 0.33337333820963977,
      "c1": 0.16670167328993557,
      "c2": 0.6667466683429666,
      "dmu": 0.499955004946969
    },
    {
      "k": 30001,
      "n": 60003,
      "mode": 20001,
      "lambda_mode": 0.9999500050018109,
      "margin": 0.33334445911168586,
      "c1": 0.1666764037545363,
      "c2": 0.6666889028128935,
      "dmu": 0.4999875009416428
    },
    {
      "k": 35001,
      "n": 70003,
      "mode": 23334,
      "lambda_mode": 0.9999142955114891,
      "margin": 0.33335239856751286,
      "c1": 0.1666833513918391,
      "c2": 0.6667047784321767,
      "dmu": 0.4999785729596624
    },
    {
      "k": 40001,
      "n": 80003,
      "mode": 26667,
      "lambda_mode": 0.9998875140560177,
      "margin": 0.3333582900777401,
      "c1": 0.1666884991027473,
      "c2": 0.6667166221668595,
      "dmu": 0.49997187693588785
    },
    {
      "k": 45001,
      "n": 90003,
      "mode": 30001,
      "lambda_mode": 0.9999666688843464,
      "margin": 0.333340696466621,
      "c1": 0.1666731039622391,
      "c2": 0.666681436880026,
      "dmu": 0.4999916670822131
    },
    {
      "k": 50000,
      "n": 100001,
      "mode": 33333,
      "lambda_mode": 0.9999100071987204,
      "margin": 0.3333533251134213,
      "c1": 0.16668415883759735,
      "c2": 0.666706658048497,
      "dmu": 0.4999775007891003
    }
  ]
}