{
  "params": {
    "min_n": 23,
    "max_n": 23,
    "all_trees": false,
    "tol": 1e-12,
    "res": 6,
    "mod": 8
  },
  "summary": {
    "seen": 692282,
    "considered": 48439,
    "checked": 48439,
    "no_deg2_support": 0,
    "half_violation": 0,
    "exact_violation": 0,
    "max_D": 0.4445653382569672,
    "max_D_witness": {
      "n": 23,
      "g6": "V?????????????_?G?D??S??g??K??B???W?E@??Ik??",
      "mode": 7,
      "lambda_mode": 0.8319868867814073,
      "leaf": 6,
      "support": 18,
      "mu_p": 5.589319774492098,
      "mu_b": 6.033885112749065,
      "D": 0.4445653382569672,
      "a": 0.4541445644532498,
      "half_excess": -0.0554346617430328,
      "exact_excess": -0.101290097289783,
      "p_u": 0.4275848156761672
    },
    "max_half_excess": -0.0554346617430328,
    "max_half_excess_witness": {
      "n": 23,
      "g6": "V?????????????_?G?D??S??g??K??B???W?E@??Ik??",
      "mode": 7,
      "lambda_mode": 0.8319868867814073,
      "leaf": 6,
      "support": 18,
      "mu_p": 5.589319774492098,
      "mu_b": 6.033885112749065,
      "D": 0.4445653382569672,
      "a": 0.4541445644532498,
      "half_excess": -0.0554346617430328,
      "exact_excess": -0.101290097289783,
      "p_u": 0.4275848156761672
    },
    "max_exact_excess": -0.10091224946701949,
    "max_exact_excess_witness": {
      "n": 23,
      "g6": "V?????????????_?G?D??K??W??K??B???W?Q@??Ik??",
      "mode": 7,
      "lambda_mode": 0.8334376466906588,
      "leaf": 6,
      "support": 18,
      "mu_p": 5.582703090274088,
      "mu_b": 6.027214352648332,
      "D": 0.44451126237424354,
      "a": 0.45457648815873697,
      "half_excess": -0.05548873762575646,
      "exact_excess": -0.10091224946701949,
      "p_u": 0.42790252511455457
    },
    "max_p_u": 0.42988808765961467,
    "max_p_u_witness": {
      "n": 23,
      "g6": "V?????????????_?G?D??K??W??K??B???W??@_AYg??",
      "mode": 7,
      "lambda_mode": 0.8263002944062807,
      "leaf": 6,
      "support": 18,
      "mu_p": 5.571602262672537,
      "mu_b": 6.013949026357574,
      "D": 0.44234676368503667,
      "a": 0.4524449220849006,
      "half_excess": -0.05765323631496333,
      "exact_excess": -0.10520831423006272,
      "p_u": 0.42988808765961467
    }
  },
  "per_n": {
    "23": {
      "seen": 692282,
      "considered": 48439,
      "checked": 48439,
      "no_deg2_support": 0,
      "half_violation": 0,
      "exact_violation": 0,
      "max_D": 0.4445653382569672,
      "max_D_witness": {
        "n": 23,
        "g6": "V?????????????_?G?D??S??g??K??B???W?E@??Ik??",
        "mode": 7,
        "lambda_mode": 0.8319868867814073,
        "leaf": 6,
        "support": 18,
        "mu_p": 5.589319774492098,
        "mu_b": 6.033885112749065,
        "D": 0.4445653382569672,
        "a": 0.4541445644532498,
        "half_excess": -0.0554346617430328,
        "exact_excess": -0.101290097289783,
        "p_u": 0.4275848156761672
      },
      "max_half_excess": -0.0554346617430328,
      "max_half_excess_witness": {
        "n": 23,
        "g6": "V?????????????_?G?D??S??g??K??B???W?E@??Ik??",
        "mode": 7,
        "lambda_mode": 0.8319868867814073,
        "leaf": 6,
        "support": 18,
        "mu_p": 5.589319774492098,
        "mu_b": 6.033885112749065,
        "D": 0.4445653382569672,
        "a": 0.4541445644532498,
        "half_excess": -0.0554346617430328,
        "exact_excess": -0.101290097289783,
        "p_u": 0.4275848156761672
      },
      "max_exact_excess": -0.10091224946701949,
      "max_exact_excess_witness": {
        "n": 23,
        "g6": "V?????????????_?G?D??K??W??K??B???W?Q@??Ik??",
        "mode": 7,
        "lambda_mode": 0.8334376466906588,
        "leaf": 6,
        "support": 18,
        "mu_p": 5.582703090274088,
        "mu_b": 6.027214352648332,
        "D": 0.44451126237424354,
        "a": 0.45457648815873697,
        "half_excess": -0.05548873762575646,
        "exact_excess": -0.10091224946701949,
        "p_u": 0.42790252511455457
      },
      "max_p_u": 0.42988808765961467,
      "max_p_u_witness": {
        "n": 23,
        "g6": "V?????????????_?G?D??K??W??K??B???W??@_AYg??",
        "mode": 7,
        "lambda_mode": 0.8263002944062807,
        "leaf": 6,
        "support": 18,
        "mu_p": 5.571602262672537,
        "mu_b": 6.013949026357574,
        "D": 0.44234676368503667,
        "a": 0.4524449220849006,
        "half_excess": -0.05765323631496333,
        "exact_excess": -0.10520831423006272,
        "p_u": 0.42988808765961467
      },
      "wall_s": 26.016795873641968
    }
  }
}