{
  "config": {
    "min_n": 23,
    "max_n": 23,
    "workers": 8,
    "geng": "/opt/homebrew/bin/geng",
    "tol": 1e-12
  },
  "summary": {
    "total_trees": 14828074,
    "total_dleaf": 528196,
    "flow_fail": 0,
    "global_max_gap": 0.0,
    "global_worst": null,
    "wall_s": 106.17755579948425
  },
  "dist": {
    "h_size": {
      "14": 1704,
      "11": 81645,
      "12": 40907,
      "13": 12572,
      "10": 113461,
      "9": 115553,
      "8": 87986,
      "6": 19431,
      "5": 4823,
      "7": 49388,
      "4": 664,
      "3": 38,
      "15": 23,
      "2": 1
    },
    "u_size": {
      "9": 164897,
      "7": 68646,
      "8": 132453,
      "10": 107215,
      "6": 24106,
      "5": 5553,
      "4": 726,
      "11": 23938,
      "3": 39,
      "12": 622,
      "2": 1
    }
  },
  "per_n": {
    "23": {
      "total": 14828074,
      "dleaf": 528196,
      "flow_fail": 0,
      "max_gap": 0.0,
      "h_size_dist": {
        "14": 1704,
        "11": 81645,
        "12": 40907,
        "13": 12572,
        "10": 113461,
        "9": 115553,
        "8": 87986,
        "6": 19431,
        "5": 4823,
        "7": 49388,
        "4": 664,
        "3": 38,
        "15": 23,
        "2": 1
      },
      "u_size_dist": {
        "9": 164897,
        "7": 68646,
        "8": 132453,
        "10": 107215,
        "6": 24106,
        "5": 5553,
        "4": 726,
        "11": 23938,
        "3": 39,
        "12": 622,
        "2": 1
      },
      "elapsed_s": 106.17746090888977
    }
  }
}