{
  "params": {
    "k_min": 6,
    "k_max": 4000,
    "j_max": 80,
    "tol": 1e-12,
    "store_cap": 200,
    "exact_top": 0,
    "out": "results/whnc_subclaim_A_meanstep_lane2_k6_4000_j80.json"
  },
  "overall": {
    "pairs_total": 323595,
    "pairs_mode_step_plus1": 323595,
    "wall_s": 367.6522629261017
  },
  "failures": {
    "mode_step_plus1": {
      "count": 0,
      "examples": []
    },
    "lane2_lambda_nondecreasing": {
      "count": 0,
      "examples": []
    },
    "total_step_ge_1": {
      "count": 0,
      "examples": []
    },
    "lb_u2_ge_1": {
      "count": 5,
      "examples": [
        {
          "k": 6,
          "j": 0,
          "mode_j": 4,
          "mode_j2": 5,
          "lambda_j": 0.6730769230769231,
          "lambda_j2": 0.755608028335301,
          "lambda_step": 0.08253110525837792,
          "fixed_step": 0.7813952760009091,
          "lambda_gain": 0.22509827793708048,
          "total_step": 1.0064935539379896,
          "identity_err": 0.0,
          "u2": 0.7451923076923077,
          "lb_u2": 0.9795911429544404
        },
        {
          "k": 6,
          "j": 2,
          "mode_j": 5,
          "mode_j2": 6,
          "lambda_j": 0.755608028335301,
          "lambda_j2": 0.7988582941571525,
          "lambda_step": 0.04325026582185143,
          "fixed_step": 0.8694333068592757,
          "lambda_gain": 0.1354079114533464,
          "total_step": 1.004841218312622,
          "identity_err": 0.0,
          "u2": 0.7954239569313594,
          "lb_u2": 0.994381961240463
        },
        {
          "k": 7,
          "j": 1,
          "mode_j": 5,
          "mode_j2": 6,
          "lambda_j": 0.6906077348066298,
          "lambda_j2": 0.7448818897637796,
          "lambda_step": 0.05427415495714971,
          "fixed_step": 0.8205178306883498,
          "lambda_gain": 0.18461519587363195,
          "total_step": 1.0051330265619818,
          "identity_err": 0.0,
          "u2": 0.740506329113924,
          "lb_u2": 0.9907946852342251
        },
        {
          "k": 8,
          "j": 0,
          "mode_j": 5,
          "mode_j2": 6,
          "lambda_j": 0.631578947368421,
          "lambda_j2": 0.6944444444444444,
          "lambda_step": 0.0628654970760234,
          "fixed_step": 0.7709778353917036,
          "lambda_gain": 0.2327763264326963,
          "total_step": 1.0037541618244,
          "identity_err": 0.0,
          "u2": 0.6896551724137931,
          "lb_u2": 0.9868317502311177
        },
        {
          "k": 8,
          "j": 2,
          "mode_j": 6,
          "mode_j2": 7,
          "lambda_j": 0.6944444444444444,
          "lambda_j2": 0.7380753138075313,
          "lambda_step": 0.04363086936308691,
          "fixed_step": 0.8270641614321788,
          "lambda_gain": 0.17825398922624913,
          "total_step": 1.005318150658428,
          "identity_err": 0.0,
          "u2": 0.7365951742627346,
          "lb_u2": 0.9994578762070994
        }
      ]
    }
  },
  "extrema": {
    "min_total_step": {
      "k": 3998,
      "j": 80,
      "mode_j": 2705,
      "mode_j2": 2706,
      "lambda_j": 0.9989043204515299,
      "lambda_j2": 0.9989050209451532,
      "lambda_step": 7.004936233290238e-07,
      "fixed_step": 0.999451859932833,
      "lambda_gain": 0.0006376354290296149,
      "total_step": 1.0000894953618626,
      "identity_err": 0.0,
      "u2": 0.9989050209451532,
      "lb_u2": 1.0000894953618626
    },
    "min_fixed_step": {
      "k": 8,
      "j": 0,
      "mode_j": 5,
      "mode_j2": 6,
      "lambda_j": 0.631578947368421,
      "lambda_j2": 0.6944444444444444,
      "lambda_step": 0.0628654970760234,
      "fixed_step": 0.7709778353917036,
      "lambda_gain": 0.2327763264326963,
      "total_step": 1.0037541618244,
      "identity_err": 0.0,
      "u2": 0.6896551724137931,
      "lb_u2": 0.9868317502311177
    },
    "min_lambda_gain": {
      "k": 3999,
      "j": 79,
      "mode_j": 2706,
      "mode_j2": 2707,
      "lambda_j": 0.9998205846756386,
      "lambda_j2": 0.999820781966106,
      "lambda_step": 1.972904674074627e-07,
      "fixed_step": 0.9999102842898537,
      "lambda_gain": 0.0001793632359294861,
      "total_step": 1.0000896475257832,
      "identity_err": 0.0,
      "u2": 0.999820781966106,
      "lb_u2": 1.0000896475257832
    },
    "min_lb_u2": {
      "k": 6,
      "j": 0,
      "mode_j": 4,
      "mode_j2": 5,
      "lambda_j": 0.6730769230769231,
      "lambda_j2": 0.755608028335301,
      "lambda_step": 0.08253110525837792,
      "fixed_step": 0.7813952760009091,
      "lambda_gain": 0.22509827793708048,
      "total_step": 1.0064935539379896,
      "identity_err": 0.0,
      "u2": 0.7451923076923077,
      "lb_u2": 0.9795911429544404
    },
    "max_identity_error_abs": {
      "k": 6,
      "j": 0,
      "mode_j": 4,
      "mode_j2": 5,
      "lambda_j": 0.6730769230769231,
      "lambda_j2": 0.755608028335301,
      "lambda_step": 0.08253110525837792,
      "fixed_step": 0.7813952760009091,
      "lambda_gain": 0.22509827793708048,
      "total_step": 1.0064935539379896,
      "identity_err": 0.0,
      "u2": 0.7451923076923077,
      "lb_u2": 0.9795911429544404
    }
  },
  "tight_total_exact_checks": []
}