{
  "params": {
    "min_n": 4,
    "max_n": 20,
    "tol": 1e-12,
    "all_trees": false,
    "canonical_leaf_only": false
  },
  "summary": {
    "seen": 1346021,
    "considered": 77141,
    "checked_trees": 77141,
    "checked_leaves": 334140,
    "fail_half": 0,
    "fail_exact": 0,
    "min_half_slack": 0.20033413665157518,
    "min_half_witness": {
      "n": 20,
      "g6": "S???????C?G?G?C?@??G??_?@?C@?B~_?",
      "mode": 7,
      "lambda_mode": 0.9855481540024839,
      "leaf": 11,
      "support": 1,
      "mu_b": 5.700334136651575,
      "degree_signature": {
        "1": 9,
        "2": 10,
        "9": 1
      },
      "half_slack": 0.20033413665157518
    },
    "min_exact_slack": 0.1917190358541916,
    "min_exact_witness": {
      "n": 20,
      "g6": "S???????C?G?G?C?@??G??_?@??@?F~_?",
      "mode": 7,
      "lambda_mode": 0.9469606674612634,
      "leaf": 10,
      "support": 0,
      "mu_b": 5.705340094929796,
      "degree_signature": {
        "1": 10,
        "2": 9,
        "10": 1
      },
      "exact_slack": 0.1917190358541916
    }
  },
  "per_n": {
    "4": {
      "seen": 2,
      "considered": 1,
      "checked_trees": 1,
      "checked_leaves": 2,
      "fail_half": 0,
      "fail_exact": 0,
      "min_half_slack": 0.8333333333333333,
      "min_half_witness": {
        "n": 4,
        "g6": "CU",
        "mode": 1,
        "lambda_mode": 0.25,
        "leaf": 1,
        "support": 3,
        "mu_b": 0.3333333333333333,
        "degree_signature": {
          "1": 2,
          "2": 2
        },
        "half_slack": 0.8333333333333333
      },
      "min_exact_slack": 0.5333333333333333,
      "min_exact_witness": {
        "n": 4,
        "g6": "CU",
        "mode": 1,
        "lambda_mode": 0.25,
        "leaf": 1,
        "support": 3,
        "mu_b": 0.3333333333333333,
        "degree_signature": {
          "1": 2,
          "2": 2
        },
        "exact_slack": 0.5333333333333333
      },
      "wall_s": 0.0028939247131347656
    },
    "5": {
      "seen": 3,
      "considered": 1,
      "checked_trees": 1,
      "checked_leaves": 2,
      "fail_half": 0,
      "fail_exact": 0,
      "min_half_slack": 0.4271523178807948,
      "min_half_witness": {
        "n": 5,
        "g6": "DQo",
        "mode": 2,
        "lambda_mode": 0.8333333333333334,
        "leaf": 2,
        "support": 0,
        "mu_b": 0.9271523178807948,
        "degree_signature": {
          "1": 2,
          "2": 3
        },
        "half_slack": 0.4271523178807948
      },
      "min_exact_slack": 0.38169777242624936,
      "min_exact_witness": {
        "n": 5,
        "g6": "DQo",
        "mode": 2,
        "lambda_mode": 0.8333333333333334,
        "leaf": 2,
        "support": 0,
        "mu_b": 0.9271523178807948,
        "degree_signature": {
          "1": 2,
          "2": 3
        },
        "exact_slack": 0.38169777242624936
      },
      "wall_s": 0.001766204833984375
    },
    "6": {
      "seen": 6,
      "considered": 2,
      "checked_trees": 2,
      "checked_leaves": 4,
      "fail_half": 0,
      "fail_exact": 0,
      "min_half_slack": 0.5178571428571428,
      "min_half_witness": {
        "n": 6,
        "g6": "ECR_",
        "mode": 2,
        "lambda_mode": 0.6,
        "leaf": 3,
        "support": 0,
        "mu_b": 1.0178571428571428,
        "degree_signature": {
          "1": 3,
          "2": 2,
          "3": 1
        },
        "half_slack": 0.5178571428571428
      },
      "min_exact_slack": 0.3928571428571428,
      "min_exact_witness": {
        "n": 6,
        "g6": "ECR_",
        "mode": 2,
        "lambda_mode": 0.6,
        "leaf": 3,
        "support": 0,
        "mu_b": 1.0178571428571428,
        "degree_signature": {
          "1": 3,
          "2": 2,
          "3": 1
        },
        "exact_slack": 0.3928571428571428
      },
      "wall_s": 0.0016739368438720703
    },
    "7": {
      "seen": 11,
      "considered": 3,
      "checked_trees": 3,
      "checked_leaves": 7,
      "fail_half": 0,
      "fail_exact": 0,
      "min_half_slack": 0.6075423358120353,
      "min_half_witness": {
        "n": 7,
        "g6": "F?`e_",
        "mode": 2,
        "lambda_mode": 0.4666666666666667,
        "leaf": 4,
        "support": 0,
        "mu_b": 1.1075423358120353,
        "degree_signature": {
          "1": 3,
          "2": 3,
          "3": 1
        },
        "half_slack": 0.6075423358120353
      },
      "min_exact_slack": 0.42572415399385344,
      "min_exact_witness": {
        "n": 7,
        "g6": "F?`e_",
        "mode": 2,
        "lambda_mode": 0.4666666666666667,
        "leaf": 4,
        "support": 0,
        "mu_b": 1.1075423358120353,
        "degree_signature": {
          "1": 3,
          "2": 3,
          "3": 1
        },
        "exact_slack": 0.42572415399385344
      },
      "wall_s": 0.0021440982818603516
    },
    "8": {
      "seen": 23,
      "considered": 6,
      "checked_trees": 6,
      "checked_leaves": 14,
      "fail_half": 0,
      "fail_exact": 0,
      "min_half_slack": 0.30277282437896136,
      "min_half_witness": {
        "n": 8,
        "g6": "G?`@F_",
        "mode": 3,
        "lambda_mode": 0.9130434782608695,
        "leaf": 4,
        "support": 0,
        "mu_b": 1.8027728243789614,
        "degree_signature": {
          "1": 4,
          "2": 3,
          "4": 1
        },
        "half_slack": 0.30277282437896136
      },
      "min_exact_slack": 0.28004555165168865,
      "min_exact_witness": {
        "n": 8,
        "g6": "G?`@F_",
        "mode": 3,
        "lambda_mode": 0.9130434782608695,
        "leaf": 4,
        "support": 0,
        "mu_b": 1.8027728243789614,
        "degree_signature": {
          "1": 4,
          "2": 3,
          "4": 1
        },
        "exact_slack": 0.28004555165168865
      },
      "wall_s": 0.002483367919921875
    },
    "9": {
      "seen": 47,
      "considered": 10,
      "checked_trees": 10,
      "checked_leaves": 26,
      "fail_half": 0,
      "fail_exact": 0,
      "min_half_slack": 0.38589500980508973,
      "min_half_witness": {
        "n": 9,
        "g6": "H?`@?bo",
        "mode": 3,
        "lambda_mode": 0.7368421052631579,
        "leaf": 4,
        "support": 0,
        "mu_b": 1.8858950098050897,
        "degree_signature": {
          "1": 4,
          "2": 4,
          "4": 1
        },
        "half_slack": 0.38589500980508973
      },
      "min_exact_slack": 0.31013743404751404,
      "min_exact_witness": {
        "n": 9,
        "g6": "H?`@?bo",
        "mode": 3,
        "lambda_mode": 0.7368421052631579,
        "leaf": 4,
        "support": 0,
        "mu_b": 1.8858950098050897,
        "degree_signature": {
          "1": 4,
          "2": 4,
          "4": 1
        },
        "exact_slack": 0.31013743404751404
      },
      "wall_s": 0.003220796585083008
    },
    "10": {
      "seen": 106,
      "considered": 21,
      "checked_trees": 21,
      "checked_leaves": 57,
      "fail_half": 0,
      "fail_exact": 0,
      "min_half_slack": 0.4768194425882175,
      "min_half_witness": {
        "n": 10,
        "g6": "I?AA@?W{?",
        "mode": 3,
        "lambda_mode": 0.6101694915254238,
        "leaf": 5,
        "support": 0,
        "mu_b": 1.9768194425882175,
        "degree_signature": {
          "1": 4,
          "2": 5,
          "4": 1
        },
        "half_slack": 0.4768194425882175
      },
      "min_exact_slack": 0.3557668110092702,
      "min_exact_witness": {
        "n": 10,
        "g6": "I?AA@?W{?",
        "mode": 3,
        "lambda_mode": 0.6101694915254238,
        "leaf": 5,
        "support": 0,
        "mu_b": 1.9768194425882175,
        "degree_signature": {
          "1": 4,
          "2": 5,
          "4": 1
        },
        "exact_slack": 0.3557668110092702
      },
      "wall_s": 0.005239963531494141
    },
    "11": {
      "seen": 235,
      "considered": 39,
      "checked_trees": 39,
      "checked_leaves": 114,