{
  "params": {
    "min_n": 23,
    "max_n": 23,
    "all_trees": false,
    "tol": 1e-12,
    "res": 1,
    "mod": 8
  },
  "summary": {
    "seen": 1715598,
    "considered": 126387,
    "checked": 126387,
    "no_deg2_support": 0,
    "half_violation": 0,
    "exact_violation": 0,
    "max_D": 0.4424162595560528,
    "max_D_witness": {
      "n": 23,
      "g6": "V???????????????O?E??K??K??E??@_??K?O?o@TS??",
      "mode": 7,
      "lambda_mode": 0.8004419574437752,
      "leaf": 3,
      "support": 16,
      "mu_p": 5.624175454201843,
      "mu_b": 6.066591713757896,
      "D": 0.4424162595560528,
      "a": 0.44458081757893697,
      "half_excess": -0.05758374044394721,
      "exact_excess": -0.11300292286501024,
      "p_u": 0.42459137471091607
    },
    "max_half_excess": -0.05758374044394721,
    "max_half_excess_witness": {
      "n": 23,
      "g6": "V???????????????O?E??K??K??E??@_??K?O?o@TS??",
      "mode": 7,
      "lambda_mode": 0.8004419574437752,
      "leaf": 3,
      "support": 16,
      "mu_p": 5.624175454201843,
      "mu_b": 6.066591713757896,
      "D": 0.4424162595560528,
      "a": 0.44458081757893697,
      "half_excess": -0.05758374044394721,
      "exact_excess": -0.11300292286501024,
      "p_u": 0.42459137471091607
    },
    "max_exact_excess": -0.10207244104020474,
    "max_exact_excess_witness": {
      "n": 23,
      "g6": "V???????????_?O?C?C_?Q??S??K??E??@_??E?@Pg??",
      "mode": 7,
      "lambda_mode": 0.8548413544314175,
      "leaf": 10,
      "support": 21,
      "mu_p": 5.5396014252767,
      "mu_b": 5.976658650291704,
      "D": 0.4370572250150033,
      "a": 0.46087033394479193,
      "half_excess": -0.06294277498499667,
      "exact_excess": -0.10207244104020474,
      "p_u": 0.430222920427338
    },
    "max_p_u": 0.430222920427338,
    "max_p_u_witness": {
      "n": 23,
      "g6": "V???????????_?O?C?C_?Q??S??K??E??@_??E?@Pg??",
      "mode": 7,
      "lambda_mode": 0.8548413544314175,
      "leaf": 10,
      "support": 21,
      "mu_p": 5.5396014252767,
      "mu_b": 5.976658650291704,
      "D": 0.4370572250150033,
      "a": 0.46087033394479193,
      "half_excess": -0.06294277498499667,
      "exact_excess": -0.10207244104020474,
      "p_u": 0.430222920427338
    }
  },
  "per_n": {
    "23": {
      "seen": 1715598,
      "considered": 126387,
      "checked": 126387,
      "no_deg2_support": 0,
      "half_violation": 0,
      "exact_violation": 0,
      "max_D": 0.4424162595560528,
      "max_D_witness": {
        "n": 23,
        "g6": "V???????????????O?E??K??K??E??@_??K?O?o@TS??",
        "mode": 7,
        "lambda_mode": 0.8004419574437752,
        "leaf": 3,
        "support": 16,
        "mu_p": 5.624175454201843,
        "mu_b": 6.066591713757896,
        "D": 0.4424162595560528,
        "a": 0.44458081757893697,
        "half_excess": -0.05758374044394721,
        "exact_excess": -0.11300292286501024,
        "p_u": 0.42459137471091607
      },
      "max_half_excess": -0.05758374044394721,
      "max_half_excess_witness": {
        "n": 23,
        "g6": "V???????????????O?E??K??K??E??@_??K?O?o@TS??",
        "mode": 7,
        "lambda_mode": 0.8004419574437752,
        "leaf": 3,
        "support": 16,
        "mu_p": 5.624175454201843,
        "mu_b": 6.066591713757896,
        "D": 0.4424162595560528,
        "a": 0.44458081757893697,
        "half_excess": -0.05758374044394721,
        "exact_excess": -0.11300292286501024,
        "p_u": 0.42459137471091607
      },
      "max_exact_excess": -0.10207244104020474,
      "max_exact_excess_witness": {
        "n": 23,
        "g6": "V???????????_?O?C?C_?Q??S??K??E??@_??E?@Pg??",
        "mode": 7,
        "lambda_mode": 0.8548413544314175,
        "leaf": 10,
        "support": 21,
        "mu_p": 5.5396014252767,
        "mu_b": 5.976658650291704,
        "D": 0.4370572250150033,
        "a": 0.46087033394479193,
        "half_excess": -0.06294277498499667,
        "exact_excess": -0.10207244104020474,
        "p_u": 0.430222920427338
      },
      "max_p_u": 0.430222920427338,
      "max_p_u_witness": {
        "n": 23,
        "g6": "V???????????_?O?C?C_?Q??S??K??E??@_??E?@Pg??",
        "mode": 7,
        "lambda_mode": 0.8548413544314175,
        "leaf": 10,
        "support": 21,
        "mu_p": 5.5396014252767,
        "mu_b": 5.976658650291704,
        "D": 0.4370572250150033,
        "a": 0.46087033394479193,
        "half_excess": -0.06294277498499667,
        "exact_excess": -0.10207244104020474,
        "p_u": 0.430222920427338
      },
      "wall_s": 71.24597215652466
    }
  }
}