{
  "params": {
    "k_min": 1,
    "k_max": 400,
    "j_min": 0,
    "j_max": 400,
    "tol": 1e-12,
    "out": "results/whnc_mixed_spider_combined_k400_j400.json"
  },
  "overall": {
    "combined_fail": 0,
    "global_min_combined": {
      "k": 400,
      "j": 0,
      "n": 801,
      "mode": 267,
      "lambda_mode": 0.996268656716418,
      "margin": 0.3341645885287221,
      "c1": 0.16739459761811304,
      "c2": 0.6683291770573874,
      "w1": 0.6670822942643424,
      "w2": 0.3329177057356576,
      "combined": 0.33416458852869274,
      "identity_err": -2.936539900133539e-14,
      "leaf_type": "tip"
    },
    "wall_s": 11.18303632736206
  },
  "tip_leaf": {
    "count": 160400,
    "c1_neg_count": 0,
    "min_combined": {
      "value": 0.33416458852869274,
      "witness": {
        "k": 400,
        "j": 0,
        "n": 801,
        "mode": 267,
        "lambda_mode": 0.996268656716418,
        "margin": 0.3341645885287221,
        "c1": 0.16739459761811304,
        "c2": 0.6683291770573874,
        "w1": 0.6670822942643424,
        "w2": 0.3329177057356576,
        "combined": 0.33416458852869274,
        "identity_err": -2.936539900133539e-14,
        "leaf_type": "tip"
      }
    },
    "min_c1": {
      "value": 0.16739459761811304,
      "witness": {
        "k": 400,
        "j": 0,
        "n": 801,
        "mode": 267,
        "lambda_mode": 0.996268656716418,
        "margin": 0.3341645885287221,
        "c1": 0.16739459761811304,
        "c2": 0.6683291770573874,
        "w1": 0.6670822942643424,
        "w2": 0.3329177057356576,
        "combined": 0.33416458852869274,
        "identity_err": -2.936539900133539e-14,
        "leaf_type": "tip"
      }
    },
    "min_c2": {
      "value": 0.6679639298479287,
      "witness": {
        "k": 399,
        "j": 1,
        "n": 800,
        "mode": 267,
        "lambda_mode": 0.9981378286802386,
        "margin": 0.3342162662964938,
        "c1": 0.16749795315377014,
        "c2": 0.6679639298479287,
        "w1": 0.6668738317756993,
        "w2": 0.3331261682243008,
        "combined": 0.33421626629652745,
        "identity_err": 3.3639757646142243e-14,
        "leaf_type": "tip"
      }
    },
    "min_margin": {
      "value": 0.3341645885287221,
      "witness": {
        "k": 400,
        "j": 0,
        "n": 801,
        "mode": 267,
        "lambda_mode": 0.996268656716418,
        "margin": 0.3341645885287221,
        "c1": 0.16739459761811304,
        "c2": 0.6683291770573874,
        "w1": 0.6670822942643424,
        "w2": 0.3329177057356576,
        "combined": 0.33416458852869274,
        "identity_err": -2.936539900133539e-14,
        "leaf_type": "tip"
      }
    },
    "min_combined_when_c1_neg": null,
    "max_w1_when_c1_neg": null,
    "min_beta_guard_when_c1_neg": null,
    "max_abs_identity_err": 1.124100812432971e-13
  },
  "unit_leaf": {
    "count": 160000,
    "c1_neg_count": 157802,
    "min_combined": {
      "value": 0.33421626629649626,
      "witness": {
        "k": 399,
        "j": 1,
        "n": 800,
        "mode": 267,
        "lambda_mode": 0.9981378286802386,
        "margin": 0.3342162662964938,
        "c1": -0.1653177570093476,
        "c2": 0.8346822429906524,
        "w1": 0.5004659766941562,
        "w2": 0.49953402330584384,
        "combined": 0.33421626629649626,
        "identity_err": 2.4424906541753444e-15,
        "leaf_type": "unit"
      }
    },
    "min_c1": {
      "value": -0.1653177570093476,
      "witness": {
        "k": 399,
        "j": 1,
        "n": 800,
        "mode": 267,
        "lambda_mode": 0.9981378286802386,
        "margin": 0.3342162662964938,
        "c1": -0.1653177570093476,
        "c2": 0.8346822429906524,
        "w1": 0.5004659766941562,
        "w2": 0.49953402330584384,
        "combined": 0.33421626629649626,
        "identity_err": 2.4424906541753444e-15,
        "leaf_type": "unit"
      }
    },
    "min_c2": {
      "value": 0.8346822429906524,
      "witness": {
        "k": 399,
        "j": 1,
        "n": 800,
        "mode": 267,
        "lambda_mode": 0.9981378286802386,
        "margin": 0.3342162662964938,
        "c1": -0.1653177570093476,
        "c2": 0.8346822429906524,
        "w1": 0.5004659766941562,
        "w2": 0.49953402330584384,
        "combined": 0.33421626629649626,
        "identity_err": 2.4424906541753444e-15,
        "leaf_type": "unit"
      }
    },
    "min_margin": {
      "value": 0.3342162662964938,
      "witness": {
        "k": 399,
        "j": 1,
        "n": 800,
        "mode": 267,
        "lambda_mode": 0.9981378286802386,
        "margin": 0.3342162662964938,
        "c1": -0.1653177570093476,
        "c2": 0.8346822429906524,
        "w1": 0.5004659766941562,
        "w2": 0.49953402330584384,
        "combined": 0.33421626629649626,
        "identity_err": 2.4424906541753444e-15,
        "leaf_type": "unit"
      }
    },
    "min_combined_when_c1_neg": {
      "value": 0.33421626629649626,
      "witness": {
        "k": 399,
        "j": 1,
        "n": 800,
        "mode": 267,
        "lambda_mode": 0.9981378286802386,
        "margin": 0.3342162662964938,
        "c1": -0.1653177570093476,
        "c2": 0.8346822429906524,
        "w1": 0.5004659766941562,
        "w2": 0.49953402330584384,
        "combined": 0.33421626629649626,
        "identity_err": 2.4424906541753444e-15,
        "leaf_type": "unit"
      }
    },
    "max_w1_when_c1_neg": {
      "value": 0.5765719146962658,
      "witness": {
        "k": 10,
        "j": 1,
        "n": 22,
        "mode": 7,
        "lambda_mode": 0.7499482936918304,
        "margin": 0.4147181428210045,
        "c1": -0.014984911464675399,
        "c2": 0.9998345329693059,
        "w1": 0.5765719146962658,
        "w2": 0.42342808530373427,
        "combined": 0.41471814282100466,
        "identity_err": 1.6653345369377348e-16,
        "leaf_type": "unit"
      }
    },
    "min_beta_guard_when_c1_neg": {
      "value": 0.33421626629649626,
      "witness": {
        "k": 399,
        "j": 1,
        "n": 800,
        "mode": 267,
        "lambda_mode": 0.9981378286802386,
        "margin": 0.3342162662964938,
        "c1": -0.1653177570093476,
        "c2": 0.8346822429906524,
        "w1": 0.5004659766941562,
        "w2": 0.49953402330584384,
        "combined": 0.33421626629649626,
        "identity_err": 2.4424906541753444e-15,
        "leaf_type": "unit"
      }
    },
    "max_abs_identity_err": 9.46465128492946e-14
  }
}