{
  "params": {
    "min_k": 501,
    "max_k": 5000,
    "verify_mode_max": 0,
    "sample_every": 250
  },
  "summary": {
    "checked_k": 4500,
    "mode_formula_fail": 0,
    "mode_formula_first_fail": null,
    "mins": {
      "margin": {
        "value": 0.3333999999558728,
        "k": 4999
      },
      "c1": {
        "value": 0.16672500370577836,
        "k": 4999
      },
      "c2": {
        "value": 0.666799999955856,
        "k": 4999
      },
      "dmu": {
        "value": 0.4977711738484345,
        "k": 503
      }
    },
    "mins_by_k_mod_3": {
      "0": {
        "margin": {
          "value": 0.3334666941045725,
          "k": 4998
        },
        "c1": {
          "value": 0.1667833724418415,
          "k": 4998
        },
        "c2": {
          "value": 0.6669333874433505,
          "k": 4998
        },
        "dmu": {
          "value": 0.4985074626865753,
          "k": 501
        }
      },
      "1": {
        "margin": {
          "value": 0.3333999999558728,
          "k": 4999
        },
        "c1": {
          "value": 0.16672500370577836,
          "k": 4999
        },
        "c2": {
          "value": 0.666799999955856,
          "k": 4999
        },
        "dmu": {
          "value": 0.4992548435171784,
          "k": 502
        }
      },
      "2": {
        "margin": {
          "value": 0.3335332930782897,
          "k": 5000
        },
        "c1": {
          "value": 0.16684166514187382,
          "k": 5000
        },
        "c2": {
          "value": 0.6670665864194234,
          "k": 5000
        },
        "dmu": {
          "value": 0.4977711738484345,
          "k": 503
        }
      }
    },
    "max_abs_alpha_plus_beta_minus_1": 1.1102230246251565e-16,
    "max_abs_combined_minus_margin": 1.0239586956117819e-12,
    "wall_s": 1.6961610317230225
  },
  "samples": [
    {
      "k": 501,
      "n": 1003,
      "mode": 334,
      "lambda_mode": 0.9940476190476646,
      "margin": 0.33466135458678536,
      "c1": 0.16783017185503013,
      "c2": 0.6693227091684548,
      "dmu": 0.4985074626865753
    },
    {
      "k": 751,
      "n": 1503,
      "mode": 501,
      "lambda_mode": 0.9980079681274893,
      "margin": 0.33377659574455265,
      "c1": 0.16705468700268966,
      "c2": 0.667553191489219,
      "dmu": 0.4995014955134707
    },
    {
      "k": 1001,
      "n": 2003,
      "mode": 667,
      "lambda_mode": 0.9955223880596314,
      "margin": 0.33433133730966347,
      "c1": 0.16754075990070305,
      "c2": 0.6686626746351294,
      "dmu": 0.49887808526557365
    },
    {
      "k": 1251,
      "n": 2503,
      "mode": 834,
      "lambda_mode": 0.9976076555023118,
      "margin": 0.3338658146739135,
      "c1": 0.16713282697514842,
      "c2": 0.6677316293704507,
      "dmu": 0.4994011976046977
    },
    {
      "k": 1501,
      "n": 3003,
      "mode": 1001,
      "lambda_mode": 0.9990019960079796,
      "margin": 0.3335552596523712,
      "c1": 0.1668608937445697,
      "c2": 0.6671105193062203,
      "dmu": 0.49975037443834935
    },
    {
      "k": 1751,
      "n": 3503,
      "mode": 1167,
      "lambda_mode": 0.9974358974357773,
      "margin": 0.333904109542118,
      "c1": 0.16716637060744688,
      "c2": 0.667808219131075,
      "dmu": 0.49935815147637186
    },
    {
      "k": 2001,
      "n": 4003,
      "mode": 1334,
      "lambda_mode": 0.9985029940121632,
      "margin": 0.3336663337497612,
      "c1": 0.16695813558089867,
      "c2": 0.6673326674160762,
      "dmu": 0.49962546816482245
    },
    {
      "k": 2251,
      "n": 4503,
      "mode": 1501,
      "lambda_mode": 0.999334221038562,
      "margin": 0.33348134988477796,
      "c1": 0.16679619962928882,
      "c2": 0.6669626997959313,
      "dmu": 0.49983349983335756
    },
    {
      "k": 2501,
      "n": 5003,
      "mode": 1667,
      "lambda_mode": 0.9982035928140828,
      "margin": 0.3337330134284002,
      "c1": 0.16701652147344248,
      "c2": 0.6674660270173263,
      "dmu": 0.4995504944561162
    },
    {
      "k": 2751,
      "n": 5503,
      "mode": 1834,
      "lambda_mode": 0.9989106753813297,
      "margin": 0.3335755814357526,
      "c1": 0.16687868326744137,
      "c2": 0.6671511628312601,
      "dmu": 0.4997275204361813
    },
    {
      "k": 3001,
      "n": 6003,
      "mode": 2001,
      "lambda_mode": 0.999500499500464,
      "margin": 0.33344437039613695,
      "c1": 0.16676383449589594,
      "c2": 0.6668887408159208,
      "dmu": 0.4998750936799752
    },
    {
      "k": 3251,
      "n": 6503,
      "mode": 2167,
      "lambda_mode": 0.9986175115210555,
      "margin": 0.33364083663855126,
      "c1": 0.1669358118524542,
      "c2": 0.6672816730470004,
      "dmu": 0.49965413880545384
    },
    {
      "k": 3501,
      "n": 7003,
      "mode": 2334,
      "lambda_mode": 0.9991438356162375,
      "margin": 0.3335237005858289,
      "c1": 0.166833268566279,
      "c2": 0.6670474013285457,
      "dmu": 0.49978586723773333
    },
    {
      "k": 3751,
      "n": 7503,
      "mode": 2501,
      "lambda_mode": 0.9996003197436664,
      "margin": 0.33342217439167143,
      "c1": 0.16674440919541667,
      "c2": 0.6668443492317238,
      "dmu": 0.4999000599636929
    },
    {
      "k": 4001,
      "n": 8003,
      "mode": 2667,
      "lambda_mode": 0.998876404494532,
      "margin": 0.33358320852948964,
      "c1": 0.1668853601513547,
      "c2": 0.6671664169248288,
      "dmu": 0.4997189432265259
    },
    {
      "k": 4251,
      "n": 8503,
      "mode": 2834,
      "lambda_mode": 0.9992947813820902,
      "margin": 0.33349012216513074,
      "c1": 0.16680387761698512,
      "c2": 0.6669802444603192,
      "dmu": 0.4998236331566659
    },
    {
      "k": 4501,
      "n": 9003,
      "mode": 3001,
      "lambda_mode": 0.9996668887407995,
      "margin": 0.3334073744599664,
      "c1": 0.1667314572732721,
      "c2": 0.6668147489604053,
      "dmu": 0.49991670831286683
    },
    {
      "k": 4751,
      "n": 9503,
      "mode": 3167,
      "lambda_mode": 0.9990536277604373,
      "margin": 0.33354377123896484,
      "c1": 0.1668508372172255,
      "c2": 0.6670875422828431,
      "dmu": 0.49976329493438243
    },
    {
      "k": 5000,
      "n": 10001,
      "mode": 3333,
      "lambda_mode": 0.9991007194242238,
      "margin": 0.3335332930782897,
      "c1": 0.16684166514187382,
      "c2": 0.6670665864194234,
      "dmu": 0.4997750787224504
    }
  ]
}