{
  "config": {
    "min_n": 23,
    "max_n": 23,
    "geng": "/opt/homebrew/bin/geng",
    "tol": 1e-12
  },
  "summary": {
    "total_dleaf": 528196,
    "equal_share_fail": 164449,
    "worst_ratio": 4.000000000000001,
    "worst": {
      "n": 23,
      "g6": "V?????????????????E??K??K??E??@_??K???oDTT??",
      "h": 14,
      "ratio": 4.000000000000001,
      "excess": 0.15976486973791898,
      "rhs": 0.03994121743447974
    },
    "wall_s": 281.6919870376587
  },
  "per_n": {
    "23": {
      "dleaf": 528196,
      "fail": 164449,
      "worst_ratio": 4.000000000000001,
      "elapsed_s": 281.6918442249298
    }
  }
}