{
  "params": {
    "min_n": 23,
    "max_n": 23,
    "all_trees": false,
    "tol": 1e-12,
    "res": 7,
    "mod": 8
  },
  "summary": {
    "seen": 1974220,
    "considered": 42248,
    "checked": 42248,
    "no_deg2_support": 0,
    "half_violation": 1,
    "exact_violation": 0,
    "max_D": 0.5017591216326327,
    "max_D_witness": {
      "n": 23,
      "g6": "V???????????_?O?C??_?A??C??C??A?A?_??E?B~g??",
      "mode": 8,
      "lambda_mode": 0.9926105361031589,
      "leaf": 10,
      "support": 21,
      "mu_p": 6.383451293754731,
      "mu_b": 6.8852104153873634,
      "D": 0.5017591216326327,
      "a": 0.4981457831917088,
      "half_excess": 0.0017591216326326986,
      "exact_excess": -9.509517565842174e-05,
      "p_u": 0.49358434571603194
    },
    "max_half_excess": 0.0017591216326326986,
    "max_half_excess_witness": {
      "n": 23,
      "g6": "V???????????_?O?C??_?A??C??C??A?A?_??E?B~g??",
      "mode": 8,
      "lambda_mode": 0.9926105361031589,
      "leaf": 10,
      "support": 21,
      "mu_p": 6.383451293754731,
      "mu_b": 6.8852104153873634,
      "D": 0.5017591216326327,
      "a": 0.4981457831917088,
      "half_excess": 0.0017591216326326986,
      "exact_excess": -9.509517565842174e-05,
      "p_u": 0.49358434571603194
    },
    "max_exact_excess": -9.509517565842174e-05,
    "max_exact_excess_witness": {
      "n": 23,
      "g6": "V???????????_?O?C??_?A??C??C??A?A?_??E?B~g??",
      "mode": 8,
      "lambda_mode": 0.9926105361031589,
      "leaf": 10,
      "support": 21,
      "mu_p": 6.383451293754731,
      "mu_b": 6.8852104153873634,
      "D": 0.5017591216326327,
      "a": 0.4981457831917088,
      "half_excess": 0.0017591216326326986,
      "exact_excess": -9.509517565842174e-05,
      "p_u": 0.49358434571603194
    },
    "max_p_u": 0.49358434571603194,
    "max_p_u_witness": {
      "n": 23,
      "g6": "V???????????_?O?C??_?A??C??C??A?A?_??E?B~g??",
      "mode": 8,
      "lambda_mode": 0.9926105361031589,
      "leaf": 10,
      "support": 21,
      "mu_p": 6.383451293754731,
      "mu_b": 6.8852104153873634,
      "D": 0.5017591216326327,
      "a": 0.4981457831917088,
      "half_excess": 0.0017591216326326986,
      "exact_excess": -9.509517565842174e-05,
      "p_u": 0.49358434571603194
    }
  },
  "per_n": {
    "23": {
      "seen": 1974220,
      "considered": 42248,
      "checked": 42248,
      "no_deg2_support": 0,
      "half_violation": 1,
      "exact_violation": 0,
      "max_D": 0.5017591216326327,
      "max_D_witness": {
        "n": 23,
        "g6": "V???????????_?O?C??_?A??C??C??A?A?_??E?B~g??",
        "mode": 8,
        "lambda_mode": 0.9926105361031589,
        "leaf": 10,
        "support": 21,
        "mu_p": 6.383451293754731,
        "mu_b": 6.8852104153873634,
        "D": 0.5017591216326327,
        "a": 0.4981457831917088,
        "half_excess": 0.0017591216326326986,
        "exact_excess": -9.509517565842174e-05,
        "p_u": 0.49358434571603194
      },
      "max_half_excess": 0.0017591216326326986,
      "max_half_excess_witness": {
        "n": 23,
        "g6": "V???????????_?O?C??_?A??C??C??A?A?_??E?B~g??",
        "mode": 8,
        "lambda_mode": 0.9926105361031589,
        "leaf": 10,
        "support": 21,
        "mu_p": 6.383451293754731,
        "mu_b": 6.8852104153873634,
        "D": 0.5017591216326327,
        "a": 0.4981457831917088,
        "half_excess": 0.0017591216326326986,
        "exact_excess": -9.509517565842174e-05,
        "p_u": 0.49358434571603194
      },
      "max_exact_excess": -9.509517565842174e-05,
      "max_exact_excess_witness": {
        "n": 23,
        "g6": "V???????????_?O?C??_?A??C??C??A?A?_??E?B~g??",
        "mode": 8,
        "lambda_mode": 0.9926105361031589,
        "leaf": 10,
        "support": 21,
        "mu_p": 6.383451293754731,
        "mu_b": 6.8852104153873634,
        "D": 0.5017591216326327,
        "a": 0.4981457831917088,
        "half_excess": 0.0017591216326326986,
        "exact_excess": -9.509517565842174e-05,
        "p_u": 0.49358434571603194
      },
      "max_p_u": 0.49358434571603194,
      "max_p_u_witness": {
        "n": 23,
        "g6": "V???????????_?O?C??_?A??C??C??A?A?_??E?B~g??",
        "mode": 8,
        "lambda_mode": 0.9926105361031589,
        "leaf": 10,
        "support": 21,
        "mu_p": 6.383451293754731,
        "mu_b": 6.8852104153873634,
        "D": 0.5017591216326327,
        "a": 0.4981457831917088,
        "half_excess": 0.0017591216326326986,
        "exact_excess": -9.509517565842174e-05,
        "p_u": 0.49358434571603194
      },
      "wall_s": 48.63167905807495
    }
  }
}