{
  "params": {
    "min_n": 23,
    "max_n": 23,
    "all_trees": false,
    "tol": 1e-12,
    "res": 4,
    "mod": 8
  },
  "summary": {
    "seen": 1772329,
    "considered": 63633,
    "checked": 63633,
    "no_deg2_support": 0,
    "half_violation": 2,
    "exact_violation": 2,
    "max_D": 0.5058006710219001,
    "max_D_witness": {
      "n": 23,
      "g6": "V?????????????_?G?@??C??G??G??E???o?oB?@|S??",
      "mode": 8,
      "lambda_mode": 0.9972305185989683,
      "leaf": 7,
      "support": 19,
      "mu_p": 6.4302934756640955,
      "mu_b": 6.9360941466859956,
      "D": 0.5058006710219001,
      "a": 0.4993066695668724,
      "half_excess": 0.005800671021900072,
      "exact_excess": 0.005107340588772491,
      "p_u": 0.49126887657403
    },
    "max_half_excess": 0.005800671021900072,
    "max_half_excess_witness": {
      "n": 23,
      "g6": "V?????????????_?G?@??C??G??G??E???o?oB?@|S??",
      "mode": 8,
      "lambda_mode": 0.9972305185989683,
      "leaf": 7,
      "support": 19,
      "mu_p": 6.4302934756640955,
      "mu_b": 6.9360941466859956,
      "D": 0.5058006710219001,
      "a": 0.4993066695668724,
      "half_excess": 0.005800671021900072,
      "exact_excess": 0.005107340588772491,
      "p_u": 0.49126887657403
    },
    "max_exact_excess": 0.005107340588772491,
    "max_exact_excess_witness": {
      "n": 23,
      "g6": "V?????????????_?G?@??C??G??G??E???o?oB?@|S??",
      "mode": 8,
      "lambda_mode": 0.9972305185989683,
      "leaf": 7,
      "support": 19,
      "mu_p": 6.4302934756640955,
      "mu_b": 6.9360941466859956,
      "D": 0.5058006710219001,
      "a": 0.4993066695668724,
      "half_excess": 0.005800671021900072,
      "exact_excess": 0.005107340588772491,
      "p_u": 0.49126887657403
    },
    "max_p_u": 0.49184802611719036,
    "max_p_u_witness": {
      "n": 23,
      "g6": "V?????????????_?G?@??C??G??G??E???o?_B?B|S??",
      "mode": 8,
      "lambda_mode": 0.9899992267443359,
      "leaf": 7,
      "support": 19,
      "mu_p": 6.428333336657887,
      "mu_b": 6.93174982035458,
      "D": 0.503416483696693,
      "a": 0.4974872419242028,
      "half_excess": 0.0034164836966930068,
      "exact_excess": 0.0009037256208958011,
      "p_u": 0.49184802611719036
    }
  },
  "per_n": {
    "23": {
      "seen": 1772329,
      "considered": 63633,
      "checked": 63633,
      "no_deg2_support": 0,
      "half_violation": 2,
      "exact_violation": 2,
      "max_D": 0.5058006710219001,
      "max_D_witness": {
        "n": 23,
        "g6": "V?????????????_?G?@??C??G??G??E???o?oB?@|S??",
        "mode": 8,
        "lambda_mode": 0.9972305185989683,
        "leaf": 7,
        "support": 19,
        "mu_p": 6.4302934756640955,
        "mu_b": 6.9360941466859956,
        "D": 0.5058006710219001,
        "a": 0.4993066695668724,
        "half_excess": 0.005800671021900072,
        "exact_excess": 0.005107340588772491,
        "p_u": 0.49126887657403
      },
      "max_half_excess": 0.005800671021900072,
      "max_half_excess_witness": {
        "n": 23,
        "g6": "V?????????????_?G?@??C??G??G??E???o?oB?@|S??",
        "mode": 8,
        "lambda_mode": 0.9972305185989683,
        "leaf": 7,
        "support": 19,
        "mu_p": 6.4302934756640955,
        "mu_b": 6.9360941466859956,
        "D": 0.5058006710219001,
        "a": 0.4993066695668724,
        "half_excess": 0.005800671021900072,
        "exact_excess": 0.005107340588772491,
        "p_u": 0.49126887657403
      },
      "max_exact_excess": 0.005107340588772491,
      "max_exact_excess_witness": {
        "n": 23,
        "g6": "V?????????????_?G?@??C??G??G??E???o?oB?@|S??",
        "mode": 8,
        "lambda_mode": 0.9972305185989683,
        "leaf": 7,
        "support": 19,
        "mu_p": 6.4302934756640955,
        "mu_b": 6.9360941466859956,
        "D": 0.5058006710219001,
        "a": 0.4993066695668724,
        "half_excess": 0.005800671021900072,
        "exact_excess": 0.005107340588772491,
        "p_u": 0.49126887657403
      },
      "max_p_u": 0.49184802611719036,
      "max_p_u_witness": {
        "n": 23,
        "g6": "V?????????????_?G?@??C??G??G??E???o?_B?B|S??",
        "mode": 8,
        "lambda_mode": 0.9899992267443359,
        "leaf": 7,
        "support": 19,
        "mu_p": 6.428333336657887,
        "mu_b": 6.93174982035458,
        "D": 0.503416483696693,
        "a": 0.4974872419242028,
        "half_excess": 0.0034164836966930068,
        "exact_excess": 0.0009037256208958011,
        "p_u": 0.49184802611719036
      },
      "wall_s": 50.163191080093384
    }
  }
}