{
  "params": {
    "min_n": 23,
    "max_n": 23,
    "all_trees": false,
    "tol": 1e-12,
    "res": 0,
    "mod": 8
  },
  "summary": {
    "seen": 2096750,
    "considered": 32779,
    "checked": 32779,
    "no_deg2_support": 0,
    "half_violation": 1,
    "exact_violation": 1,
    "max_D": 0.5059567659780138,
    "max_D_witness": {
      "n": 23,
      "g6": "V???????????????O?A??G??W??K??B???W??@_Fii??",
      "mode": 8,
      "lambda_mode": 0.9932366383979288,
      "leaf": 4,
      "support": 17,
      "mu_p": 6.45768794816449,
      "mu_b": 6.963644714142504,
      "D": 0.5059567659780138,
      "a": 0.4983034223152984,
      "half_excess": 0.005956765978013756,
      "exact_excess": 0.004260188293312206,
      "p_u": 0.49350657138744103
    },
    "max_half_excess": 0.005956765978013756,
    "max_half_excess_witness": {
      "n": 23,
      "g6": "V???????????????O?A??G??W??K??B???W??@_Fii??",
      "mode": 8,
      "lambda_mode": 0.9932366383979288,
      "leaf": 4,
      "support": 17,
      "mu_p": 6.45768794816449,
      "mu_b": 6.963644714142504,
      "D": 0.5059567659780138,
      "a": 0.4983034223152984,
      "half_excess": 0.005956765978013756,
      "exact_excess": 0.004260188293312206,
      "p_u": 0.49350657138744103
    },
    "max_exact_excess": 0.004260188293312206,
    "max_exact_excess_witness": {
      "n": 23,
      "g6": "V???????????????O?A??G??W??K??B???W??@_Fii??",
      "mode": 8,
      "lambda_mode": 0.9932366383979288,
      "leaf": 4,
      "support": 17,
      "mu_p": 6.45768794816449,
      "mu_b": 6.963644714142504,
      "D": 0.5059567659780138,
      "a": 0.4983034223152984,
      "half_excess": 0.005956765978013756,
      "exact_excess": 0.004260188293312206,
      "p_u": 0.49350657138744103
    },
    "max_p_u": 0.49350657138744103,
    "max_p_u_witness": {
      "n": 23,
      "g6": "V???????????????O?A??G??W??K??B???W??@_Fii??",
      "mode": 8,
      "lambda_mode": 0.9932366383979288,
      "leaf": 4,
      "support": 17,
      "mu_p": 6.45768794816449,
      "mu_b": 6.963644714142504,
      "D": 0.5059567659780138,
      "a": 0.4983034223152984,
      "half_excess": 0.005956765978013756,
      "exact_excess": 0.004260188293312206,
      "p_u": 0.49350657138744103
    }
  },
  "per_n": {
    "23": {
      "seen": 2096750,
      "considered": 32779,
      "checked": 32779,
      "no_deg2_support": 0,
      "half_violation": 1,
      "exact_violation": 1,
      "max_D": 0.5059567659780138,
      "max_D_witness": {
        "n": 23,
        "g6": "V???????????????O?A??G??W??K??B???W??@_Fii??",
        "mode": 8,
        "lambda_mode": 0.9932366383979288,
        "leaf": 4,
        "support": 17,
        "mu_p": 6.45768794816449,
        "mu_b": 6.963644714142504,
        "D": 0.5059567659780138,
        "a": 0.4983034223152984,
        "half_excess": 0.005956765978013756,
        "exact_excess": 0.004260188293312206,
        "p_u": 0.49350657138744103
      },
      "max_half_excess": 0.005956765978013756,
      "max_half_excess_witness": {
        "n": 23,
        "g6": "V???????????????O?A??G??W??K??B???W??@_Fii??",
        "mode": 8,
        "lambda_mode": 0.9932366383979288,
        "leaf": 4,
        "support": 17,
        "mu_p": 6.45768794816449,
        "mu_b": 6.963644714142504,
        "D": 0.5059567659780138,
        "a": 0.4983034223152984,
        "half_excess": 0.005956765978013756,
        "exact_excess": 0.004260188293312206,
        "p_u": 0.49350657138744103
      },
      "max_exact_excess": 0.004260188293312206,
      "max_exact_excess_witness": {
        "n": 23,
        "g6": "V???????????????O?A??G??W??K??B???W??@_Fii??",
        "mode": 8,
        "lambda_mode": 0.9932366383979288,
        "leaf": 4,
        "support": 17,
        "mu_p": 6.45768794816449,
        "mu_b": 6.963644714142504,
        "D": 0.5059567659780138,
        "a": 0.4983034223152984,
        "half_excess": 0.005956765978013756,
        "exact_excess": 0.004260188293312206,
        "p_u": 0.49350657138744103
      },
      "max_p_u": 0.49350657138744103,
      "max_p_u_witness": {
        "n": 23,
        "g6": "V???????????????O?A??G??W??K??B???W??@_Fii??",
        "mode": 8,
        "lambda_mode": 0.9932366383979288,
        "leaf": 4,
        "support": 17,
        "mu_p": 6.45768794816449,
        "mu_b": 6.963644714142504,
        "D": 0.5059567659780138,
        "a": 0.4983034223152984,
        "half_excess": 0.005956765978013756,
        "exact_excess": 0.004260188293312206,
        "p_u": 0.49350657138744103
      },
      "wall_s": 53.56634974479675
    }
  }
}