{
  "params": {
    "k_min": 6,
    "k_max": 1200,
    "j_max": 120,
    "tol": 1e-12,
    "store_cap": 200,
    "exact_top": 0,
    "out": "results/whnc_subclaim_A_meanstep_lane2_k6_1200_j120_v3.json"
  },
  "overall": {
    "pairs_total": 144595,
    "pairs_mode_step_plus1": 144595,
    "wall_s": 21.4591863155365
  },
  "failures": {
    "mode_step_plus1": {
      "count": 0,
      "examples": []
    },
    "lane2_lambda_nondecreasing": {
      "count": 0,
      "examples": []
    },
    "total_step_ge_1": {
      "count": 0,
      "examples": []
    },
    "lb_u2_ge_1": {
      "count": 5,
      "examples": [
        {
          "k": 6,
          "j": 0,
          "mode_j": 4,
          "mode_j2": 5,
          "lambda_j": 0.6730769230769231,
          "lambda_j2": 0.755608028335301,
          "lambda_step": 0.08253110525837792,
          "fixed_step": 0.7813952760009091,
          "lambda_gain": 0.22509827793708048,
          "total_step": 1.0064935539379896,
          "identity_err": 0.0,
          "u2": 0.7451923076923077,
          "lb_u2": 0.9795911429544404
        },
        {
          "k": 6,
          "j": 2,
          "mode_j": 5,
          "mode_j2": 6,
          "lambda_j": 0.755608028335301,
          "lambda_j2": 0.7988582941571525,
          "lambda_step": 0.04325026582185143,
          "fixed_step": 0.8694333068592757,
          "lambda_gain": 0.1354079114533464,
          "total_step": 1.004841218312622,
          "identity_err": 0.0,
          "u2": 0.7954239569313594,
          "lb_u2": 0.994381961240463
        },
        {
          "k": 7,
          "j": 1,
          "mode_j": 5,
          "mode_j2": 6,
          "lambda_j": 0.6906077348066298,
          "lambda_j2": 0.7448818897637796,
          "lambda_step": 0.05427415495714971,
          "fixed_step": 0.8205178306883498,
          "lambda_gain": 0.18461519587363195,
          "total_step": 1.0051330265619818,
          "identity_err": 0.0,
          "u2": 0.740506329113924,
          "lb_u2": 0.9907946852342251
        },
        {
          "k": 8,
          "j": 0,
          "mode_j": 5,
          "mode_j2": 6,
          "lambda_j": 0.631578947368421,
          "lambda_j2": 0.6944444444444444,
          "lambda_step": 0.0628654970760234,
          "fixed_step": 0.7709778353917036,
          "lambda_gain": 0.2327763264326963,
          "total_step": 1.0037541618244,
          "identity_err": 0.0,
          "u2": 0.6896551724137931,
          "lb_u2": 0.9868317502311177
        },
        {
          "k": 8,
          "j": 2,
          "mode_j": 6,
          "mode_j2": 7,
          "lambda_j": 0.6944444444444444,
          "lambda_j2": 0.7380753138075313,
          "lambda_step": 0.04363086936308691,
          "fixed_step": 0.8270641614321788,
          "lambda_gain": 0.17825398922624913,
          "total_step": 1.005318150658428,
          "identity_err": 0.0,
          "u2": 0.7365951742627346,
          "lb_u2": 0.9994578762070994
        }
      ]
    }
  },
  "extrema": {
    "min_total_step": {
      "k": 8,
      "j": 120,
      "mode_j": 65,
      "mode_j2": 66,
      "lambda_j": 0.9740347686898154,
      "lambda_j2": 0.9744330136554884,
      "lambda_step": 0.00039824496567297807,
      "fixed_step": 0.9868466190555409,
      "lambda_gain": 0.013198547772404368,
      "total_step": 1.0000451668279453,
      "identity_err": 0.0,
      "u2": 0.9744330136554884,
      "lb_u2": 1.0000451668279453
    },
    "min_fixed_step": {
      "k": 8,
      "j": 0,
      "mode_j": 5,
      "mode_j2": 6,
      "lambda_j": 0.631578947368421,
      "lambda_j2": 0.6944444444444444,
      "lambda_step": 0.0628654970760234,
      "fixed_step": 0.7709778353917036,
      "lambda_gain": 0.2327763264326963,
      "total_step": 1.0037541618244,
      "identity_err": 0.0,
      "u2": 0.6896551724137931,
      "lb_u2": 0.9868317502311177
    },
    "min_lambda_gain": {
      "k": 6,
      "j": 119,
      "mode_j": 64,
      "mode_j2": 65,
      "lambda_j": 0.999772409073494,
      "lambda_j2": 0.9997795219083444,
      "lambda_step": 7.11283485044234e-06,
      "fixed_step": 0.9998861915858726,
      "lambda_gain": 0.00022469807967695488,
      "total_step": 1.0001108896655495,
      "identity_err": 0.0,
      "u2": 0.9997795219083444,
      "lb_u2": 1.0001108896655495
    },
    "min_lb_u2": {
      "k": 6,
      "j": 0,
      "mode_j": 4,
      "mode_j2": 5,
      "lambda_j": 0.6730769230769231,
      "lambda_j2": 0.755608028335301,
      "lambda_step": 0.08253110525837792,
      "fixed_step": 0.7813952760009091,
      "lambda_gain": 0.22509827793708048,
      "total_step": 1.0064935539379896,
      "identity_err": 0.0,
      "u2": 0.7451923076923077,
      "lb_u2": 0.9795911429544404
    },
    "max_identity_error_abs": {
      "k": 6,
      "j": 0,
      "mode_j": 4,
      "mode_j2": 5,
      "lambda_j": 0.6730769230769231,
      "lambda_j2": 0.755608028335301,
      "lambda_step": 0.08253110525837792,
      "fixed_step": 0.7813952760009091,
      "lambda_gain": 0.22509827793708048,
      "total_step": 1.0064935539379896,
      "identity_err": 0.0,
      "u2": 0.7451923076923077,
      "lb_u2": 0.9795911429544404
    }
  },
  "tight_total_exact_checks": [],
  "lb_u2_exception_exact_checks": [
    {
      "k": 6,
      "j": 0,
      "lb_u2_float": 0.9795911429544404,
      "exact_total_step": "26606017954923618810715903572445167965/26434364980108772540193374752802341469",
      "exact_total_step_float": 1.0064935539379898
    },
    {
      "k": 6,
      "j": 2,
      "lb_u2_float": 0.994381961240463,
      "exact_total_step": "20598603078571570865935785568032671306170488787699/20499361195753669329972468147003774780068925663161",
      "exact_total_step_float": 1.0048412183126203
    },
    {
      "k": 7,
      "j": 1,
      "lb_u2_float": 0.9907946852342251,
      "exact_total_step": "938084135190262582492717476977477320914218615/933293514788725512226036183053951482704843308",
      "exact_total_step_float": 1.0051330265619831
    },
    {
      "k": 8,
      "j": 0,
      "lb_u2_float": 0.9868317502311177,
      "exact_total_step": "10805181920043262132283020764775/10764769234335241391808032736619",
      "exact_total_step_float": 1.0037541618244004
    },
    {
      "k": 8,
      "j": 2,
      "lb_u2_float": 0.9994578762070994,
      "exact_total_step": "571347830421619341185532387817830992305270000751/568325390372607845375249225545023192832389717943",
      "exact_total_step_float": 1.0053181506584281
    }
  ]
}