{
  "params": {
    "min_n": 23,
    "max_n": 23,
    "tol": 1e-12,
    "all_trees": false,
    "res": 0,
    "mod": 8
  },
  "summary": {
    "seen": 2096750,
    "considered": 32779,
    "checked": 32779,
    "no_deg2_support": 0,
    "phiP_fail": 0,
    "lambda_gap_fail": 1,
    "modeP_fail": 0,
    "ulc_fail": 0,
    "tau_skipped": 0,
    "modeP_shift_dist": {
      "0": 32658,
      "1": 121
    },
    "degP_shift_dist": {
      "5": 22629,
      "6": 3014,
      "7": 4,
      "4": 7132
    },
    "min_phiP": 3099.93071351052,
    "min_phiP_witness": {
      "n": 23,
      "g6": "V???????????_?O?C??_?A??C?CC?AA??__??E??~g??",
      "mode": 7,
      "lambda_mode": 0.7535594639865997,
      "leaf": 10,
      "support": 21,
      "mode_p": 6,
      "mode_p_shift": 0,
      "deg_p": 10,
      "deg_p_shift": 4,
      "phi_p": 3099.93071351052,
      "mu_p": 5.574727584374385,
      "mu_gap": 0.5747275843743846,
      "degree_signature": {
        "1": 8,
        "2": 14,
        "8": 1
      }
    },
    "min_mu_gap": 0.45768794816449,
    "min_mu_gap_witness": {
      "n": 23,
      "g6": "V???????????????O?A??G??W??K??B???W??@_Fii??",
      "mode": 8,
      "lambda_mode": 0.9932366383979288,
      "leaf": 4,
      "support": 17,
      "mode_p": 7,
      "mode_p_shift": 0,
      "deg_p": 12,
      "deg_p_shift": 5,
      "phi_p": 15067.624460866242,
      "mu_p": 6.45768794816449,
      "mu_gap": 0.45768794816449,
      "degree_signature": {
        "1": 9,
        "2": 13,
        "9": 1
      }
    },
    "min_lambda_gap": -0.00013108452027321693,
    "min_lambda_gap_witness": {
      "n": 23,
      "g6": "V???????????????O?A??G??W??K??B???W??@_Fii??",
      "mode": 8,
      "lambda_mode": 0.9932366383979288,
      "leaf": 4,
      "support": 17,
      "mode_p": 7,
      "mode_p_shift": 0,
      "deg_p": 12,
      "deg_p_shift": 5,
      "phi_p": 15067.624460866242,
      "mu_p": 6.45768794816449,
      "mu_gap": 0.45768794816449,
      "degree_signature": {
        "1": 9,
        "2": 13,
        "9": 1
      },
      "tau_p": 0.993367722918202,
      "lambda_gap": -0.00013108452027321693,
      "tau_mu_gap": 0.4580223988607841
    },
    "min_tau_mu_gap": 0.4192682195640627,
    "min_tau_mu_gap_witness": {
      "n": 23,
      "g6": "V?????????O?O?G?A??O?`??E??E??B???W?WG??og??",
      "mode": 7,
      "lambda_mode": 0.8947062245491565,
      "leaf": 10,
      "support": 20,
      "mode_p": 6,
      "mode_p_shift": 0,
      "deg_p": 10,
      "deg_p_shift": 4,
      "phi_p": 5418.679471957733,
      "mu_p": 5.535742202590118,
      "mu_gap": 0.535742202590118,
      "degree_signature": {
        "1": 5,
        "2": 16,
        "3": 1,
        "4": 1
      },
      "tau_p": 0.843328335832084,
      "lambda_gap": 0.051377888717072495,
      "tau_mu_gap": 0.4192682195640627
    },
    "small_deg_shift_cases": []
  },
  "per_n": {
    "23": {
      "seen": 2096750,
      "considered": 32779,
      "checked": 32779,
      "no_deg2_support": 0,
      "phiP_fail": 0,
      "lambda_gap_fail": 1,
      "modeP_fail": 0,
      "ulc_fail": 0,
      "tau_skipped": 0,
      "modeP_shift_dist": {
        "0": 32658,
        "1": 121
      },
      "degP_shift_dist": {
        "5": 22629,
        "6": 3014,
        "7": 4,
        "4": 7132
      },
      "min_phiP": 3099.93071351052,
      "min_phiP_witness": {
        "n": 23,
        "g6": "V???????????_?O?C??_?A??C?CC?AA??__??E??~g??",
        "mode": 7,
        "lambda_mode": 0.7535594639865997,
        "leaf": 10,
        "support": 21,
        "mode_p": 6,
        "mode_p_shift": 0,
        "deg_p": 10,
        "deg_p_shift": 4,
        "phi_p": 3099.93071351052,
        "mu_p": 5.574727584374385,
        "mu_gap": 0.5747275843743846,
        "degree_signature": {
          "1": 8,
          "2": 14,
          "8": 1
        }
      },
      "min_mu_gap": 0.45768794816449,
      "min_mu_gap_witness": {
        "n": 23,
        "g6": "V???????????????O?A??G??W??K??B???W??@_Fii??",
        "mode": 8,
        "lambda_mode": 0.9932366383979288,
        "leaf": 4,
        "support": 17,
        "mode_p": 7,
        "mode_p_shift": 0,
        "deg_p": 12,
        "deg_p_shift": 5,
        "phi_p": 15067.624460866242,
        "mu_p": 6.45768794816449,
        "mu_gap": 0.45768794816449,
        "degree_signature": {
          "1": 9,
          "2": 13,
          "9": 1
        }
      },
      "min_lambda_gap": -0.00013108452027321693,
      "min_lambda_gap_witness": {
        "n": 23,
        "g6": "V???????????????O?A??G??W??K??B???W??@_Fii??",
        "mode": 8,
        "lambda_mode": 0.9932366383979288,
        "leaf": 4,
        "support": 17,
        "mode_p": 7,
        "mode_p_shift": 0,
        "deg_p": 12,
        "deg_p_shift": 5,
        "phi_p": 15067.624460866242,
        "mu_p": 6.45768794816449,
        "mu_gap": 0.45768794816449,
        "degree_signature": {
          "1": 9,
          "2": 13,
          "9": 1
        },
        "tau_p": 0.993367722918202,
        "lambda_gap": -0.00013108452027321693,
        "tau_mu_gap": 0.4580223988607841
      },
      "min_tau_mu_gap": 0.4192682195640627,
      "min_tau_mu_gap_witness": {
        "n": 23,
        "g6": "V?????????O?O?G?A??O?`??E??E??B???W?WG??og??",
        "mode": 7,
        "lambda_mode": 0.8947062245491565,
        "leaf": 10,
        "support": 20,
        "mode_p": 6,
        "mode_p_shift": 0,
        "deg_p": 10,
        "deg_p_shift": 4,
        "phi_p": 5418.679471957733,
        "mu_p": 5.535742202590118,
        "mu_gap": 0.535742202590118,
        "degree_signature": {
          "1": 5,
          "2": 16,
          "3": 1,
          "4": 1
        },
        "tau_p": 0.843328335832084,
        "lambda_gap": 0.051377888717072495,
        "tau_mu_gap": 0.4192682195640627
      },
      "small_deg_shift_cases": [],
      "wall_s": 48.47668719291687
    }
  }
}