{
  "params": {
    "k_min": 1,
    "k_max": 3000,
    "j_min": 0,
    "j_max": 40,
    "tol": 1e-12,
    "out": "results/whnc_mixed_spider_combined_k3000_j40.json"
  },
  "overall": {
    "combined_fail": 0,
    "global_min_combined": {
      "k": 2998,
      "j": 0,
      "n": 5997,
      "mode": 1999,
      "lambda_mode": 0.9995,
      "margin": 0.333444481494098,
      "c1": 0.1667639317299745,
      "c2": 0.6668889629877413,
      "w1": 0.6667222407469011,
      "w2": 0.33327775925309894,
      "combined": 0.33344448149394906,
      "identity_err": -1.4893641875346475e-13,
      "leaf_type": "tip"
    },
    "wall_s": 56.380555629730225
  },
  "tip_leaf": {
    "count": 123000,
    "c1_neg_count": 0,
    "min_combined": {
      "value": 0.33344448149394906,
      "witness": {
        "k": 2998,
        "j": 0,
        "n": 5997,
        "mode": 1999,
        "lambda_mode": 0.9995,
        "margin": 0.333444481494098,
        "c1": 0.1667639317299745,
        "c2": 0.6668889629877413,
        "w1": 0.6667222407469011,
        "w2": 0.33327775925309894,
        "combined": 0.33344448149394906,
        "identity_err": -1.4893641875346475e-13,
        "leaf_type": "tip"
      }
    },
    "min_c1": {
      "value": 0.1667639317299745,
      "witness": {
        "k": 2998,
        "j": 0,
        "n": 5997,
        "mode": 1999,
        "lambda_mode": 0.9995,
        "margin": 0.333444481494098,
        "c1": 0.1667639317299745,
        "c2": 0.6668889629877413,
        "w1": 0.6667222407469011,
        "w2": 0.33327775925309894,
        "combined": 0.33344448149394906,
        "identity_err": -1.4893641875346475e-13,
        "leaf_type": "tip"
      }
    },
    "min_c2": {
      "value": 0.6668401340793935,
      "witness": {
        "k": 3000,
        "j": 1,
        "n": 6002,
        "mode": 2001,
        "lambda_mode": 0.9997503121722067,
        "margin": 0.33345130532438816,
        "c1": 0.16677770432852412,
        "c2": 0.6668401340793935,
        "w1": 0.6666944143774315,
        "w2": 0.3333055856225685,
        "combined": 0.3334513053244822,
        "identity_err": 9.403589018575076e-14,
        "leaf_type": "tip"
      }
    },
    "min_margin": {
      "value": 0.333444481494098,
      "witness": {
        "k": 2998,
        "j": 0,
        "n": 5997,
        "mode": 1999,
        "lambda_mode": 0.9995,
        "margin": 0.333444481494098,
        "c1": 0.1667639317299745,
        "c2": 0.6668889629877413,
        "w1": 0.6667222407469011,
        "w2": 0.33327775925309894,
        "combined": 0.33344448149394906,
        "identity_err": -1.4893641875346475e-13,
        "leaf_type": "tip"
      }
    },
    "min_combined_when_c1_neg": null,
    "max_w1_when_c1_neg": null,
    "min_beta_guard_when_c1_neg": null,
    "max_abs_identity_err": 4.1522341120980855e-13
  },
  "unit_leaf": {
    "count": 120000,
    "c1_neg_count": 119782,
    "min_combined": {
      "value": 0.3334513053243715,
      "witness": {
        "k": 3000,
        "j": 1,
        "n": 6002,
        "mode": 2001,
        "lambda_mode": 0.9997503121722067,
        "margin": 0.33345130532438816,
        "c1": -0.1664862649247425,
        "c2": 0.8335137350752575,
        "w1": 0.500062429750886,
        "w2": 0.499937570249114,
        "combined": 0.3334513053243715,
        "identity_err": -1.6653345369377348e-14,
        "leaf_type": "unit"
      }
    },
    "min_c1": {
      "value": -0.1664862649247425,
      "witness": {
        "k": 3000,
        "j": 1,
        "n": 6002,
        "mode": 2001,
        "lambda_mode": 0.9997503121722067,
        "margin": 0.33345130532438816,
        "c1": -0.1664862649247425,
        "c2": 0.8335137350752575,
        "w1": 0.500062429750886,
        "w2": 0.499937570249114,
        "combined": 0.3334513053243715,
        "identity_err": -1.6653345369377348e-14,
        "leaf_type": "unit"
      }
    },
    "min_c2": {
      "value": 0.8335137350752575,
      "witness": {
        "k": 3000,
        "j": 1,
        "n": 6002,
        "mode": 2001,
        "lambda_mode": 0.9997503121722067,
        "margin": 0.33345130532438816,
        "c1": -0.1664862649247425,
        "c2": 0.8335137350752575,
        "w1": 0.500062429750886,
        "w2": 0.499937570249114,
        "combined": 0.3334513053243715,
        "identity_err": -1.6653345369377348e-14,
        "leaf_type": "unit"
      }
    },
    "min_margin": {
      "value": 0.33345130532438816,
      "witness": {
        "k": 3000,
        "j": 1,
        "n": 6002,
        "mode": 2001,
        "lambda_mode": 0.9997503121722067,
        "margin": 0.33345130532438816,
        "c1": -0.1664862649247425,
        "c2": 0.8335137350752575,
        "w1": 0.500062429750886,
        "w2": 0.499937570249114,
        "combined": 0.3334513053243715,
        "identity_err": -1.6653345369377348e-14,
        "leaf_type": "unit"
      }
    },
    "min_combined_when_c1_neg": {
      "value": 0.3334513053243715,
      "witness": {
        "k": 3000,
        "j": 1,
        "n": 6002,
        "mode": 2001,
        "lambda_mode": 0.9997503121722067,
        "margin": 0.33345130532438816,
        "c1": -0.1664862649247425,
        "c2": 0.8335137350752575,
        "w1": 0.500062429750886,
        "w2": 0.499937570249114,
        "combined": 0.3334513053243715,
        "identity_err": -1.6653345369377348e-14,
        "leaf_type": "unit"
      }
    },
    "max_w1_when_c1_neg": {
      "value": 0.5765719146962658,
      "witness": {
        "k": 10,
        "j": 1,
        "n": 22,
        "mode": 7,
        "lambda_mode": 0.7499482936918304,
        "margin": 0.4147181428210045,
        "c1": -0.014984911464675399,
        "c2": 0.9998345329693059,
        "w1": 0.5765719146962658,
        "w2": 0.42342808530373427,
        "combined": 0.41471814282100466,
        "identity_err": 1.6653345369377348e-16,
        "leaf_type": "unit"
      }
    },
    "min_beta_guard_when_c1_neg": {
      "value": 0.3334513053243715,
      "witness": {
        "k": 3000,
        "j": 1,
        "n": 6002,
        "mode": 2001,
        "lambda_mode": 0.9997503121722067,
        "margin": 0.33345130532438816,
        "c1": -0.1664862649247425,
        "c2": 0.8335137350752575,
        "w1": 0.500062429750886,
        "w2": 0.499937570249114,
        "combined": 0.3334513053243715,
        "identity_err": -1.6653345369377348e-14,
        "leaf_type": "unit"
      }
    },
    "max_abs_identity_err": 2.772226892489016e-13
  }
}