{
  "params": {
    "min_n": 23,
    "max_n": 23,
    "all_trees": false,
    "tol": 1e-12,
    "res": 2,
    "mod": 8
  },
  "summary": {
    "seen": 2103437,
    "considered": 79273,
    "checked": 79273,
    "no_deg2_support": 0,
    "half_violation": 0,
    "exact_violation": 0,
    "max_D": 0.44371643771183944,
    "max_D_witness": {
      "n": 23,
      "g6": "V?????????????_?G?@??c??K??E??@_??K?[???TU??",
      "mode": 7,
      "lambda_mode": 0.7992917847025496,
      "leaf": 5,
      "support": 17,
      "mu_p": 5.59859760361448,
      "mu_b": 6.042314041326319,
      "D": 0.44371643771183944,
      "a": 0.44422577343934505,
      "half_excess": -0.05628356228816056,
      "exact_excess": -0.11205778884881545,
      "p_u": 0.42580330025542473
    },
    "max_half_excess": -0.05628356228816056,
    "max_half_excess_witness": {
      "n": 23,
      "g6": "V?????????????_?G?@??c??K??E??@_??K?[???TU??",
      "mode": 7,
      "lambda_mode": 0.7992917847025496,
      "leaf": 5,
      "support": 17,
      "mu_p": 5.59859760361448,
      "mu_b": 6.042314041326319,
      "D": 0.44371643771183944,
      "a": 0.44422577343934505,
      "half_excess": -0.05628356228816056,
      "exact_excess": -0.11205778884881545,
      "p_u": 0.42580330025542473
    },
    "max_exact_excess": -0.10380595831062855,
    "max_exact_excess_witness": {
      "n": 23,
      "g6": "V???????????_?O?C??_?a??K??K??B???W?[???Ei??",
      "mode": 7,
      "lambda_mode": 0.8394013583951982,
      "leaf": 8,
      "support": 19,
      "mu_p": 5.562012817616183,
      "mu_b": 6.001861997666689,
      "D": 0.4398491800505058,
      "a": 0.4563448616388656,
      "half_excess": -0.06015081994949423,
      "exact_excess": -0.10380595831062855,
      "p_u": 0.4277315266165249
    },
    "max_p_u": 0.4293700089937948,
    "max_p_u_witness": {
      "n": 23,
      "g6": "V???????????_?O?C??_?a??K??K??E???o??B?BbO??",
      "mode": 7,
      "lambda_mode": 0.8364989831549058,
      "leaf": 9,
      "support": 20,
      "mu_p": 5.535809684171974,
      "mu_b": 5.968375122662381,
      "D": 0.43256543849040696,
      "a": 0.455485677273772,
      "half_excess": -0.06743456150959304,
      "exact_excess": -0.11194888423582106,
      "p_u": 0.4293700089937948
    }
  },
  "per_n": {
    "23": {
      "seen": 2103437,
      "considered": 79273,
      "checked": 79273,
      "no_deg2_support": 0,
      "half_violation": 0,
      "exact_violation": 0,
      "max_D": 0.44371643771183944,
      "max_D_witness": {
        "n": 23,
        "g6": "V?????????????_?G?@??c??K??E??@_??K?[???TU??",
        "mode": 7,
        "lambda_mode": 0.7992917847025496,
        "leaf": 5,
        "support": 17,
        "mu_p": 5.59859760361448,
        "mu_b": 6.042314041326319,
        "D": 0.44371643771183944,
        "a": 0.44422577343934505,
        "half_excess": -0.05628356228816056,
        "exact_excess": -0.11205778884881545,
        "p_u": 0.42580330025542473
      },
      "max_half_excess": -0.05628356228816056,
      "max_half_excess_witness": {
        "n": 23,
        "g6": "V?????????????_?G?@??c??K??E??@_??K?[???TU??",
        "mode": 7,
        "lambda_mode": 0.7992917847025496,
        "leaf": 5,
        "support": 17,
        "mu_p": 5.59859760361448,
        "mu_b": 6.042314041326319,
        "D": 0.44371643771183944,
        "a": 0.44422577343934505,
        "half_excess": -0.05628356228816056,
        "exact_excess": -0.11205778884881545,
        "p_u": 0.42580330025542473
      },
      "max_exact_excess": -0.10380595831062855,
      "max_exact_excess_witness": {
        "n": 23,
        "g6": "V???????????_?O?C??_?a??K??K??B???W?[???Ei??",
        "mode": 7,
        "lambda_mode": 0.8394013583951982,
        "leaf": 8,
        "support": 19,
        "mu_p": 5.562012817616183,
        "mu_b": 6.001861997666689,
        "D": 0.4398491800505058,
        "a": 0.4563448616388656,
        "half_excess": -0.06015081994949423,
        "exact_excess": -0.10380595831062855,
        "p_u": 0.4277315266165249
      },
      "max_p_u": 0.4293700089937948,
      "max_p_u_witness": {
        "n": 23,
        "g6": "V???????????_?O?C??_?a??K??K??E???o??B?BbO??",
        "mode": 7,
        "lambda_mode": 0.8364989831549058,
        "leaf": 9,
        "support": 20,
        "mu_p": 5.535809684171974,
        "mu_b": 5.968375122662381,
        "D": 0.43256543849040696,
        "a": 0.455485677273772,
        "half_excess": -0.06743456150959304,
        "exact_excess": -0.11194888423582106,
        "p_u": 0.4293700089937948
      },
      "wall_s": 60.996482133865356
    }
  }
}