{
  "params": {
    "min_n": 23,
    "max_n": 23,
    "all_trees": false,
    "tol": 1e-12,
    "res": 3,
    "mod": 8
  },
  "summary": {
    "seen": 1983156,
    "considered": 94634,
    "checked": 94634,
    "no_deg2_support": 0,
    "half_violation": 0,
    "exact_violation": 0,
    "max_D": 0.44267598357621285,
    "max_D_witness": {
      "n": 23,
      "g6": "V?????????????_?G?@??c?@G??K??B???W?K@??Yk??",
      "mode": 7,
      "lambda_mode": 0.795995213963964,
      "leaf": 6,
      "support": 18,
      "mu_p": 5.597684837251704,
      "mu_b": 6.0403608208279165,
      "D": 0.44267598357621285,
      "a": 0.4432056431860488,
      "half_excess": -0.05732401642378715,
      "exact_excess": -0.11411837323773832,
      "p_u": 0.42501893883195674
    },
    "max_half_excess": -0.05732401642378715,
    "max_half_excess_witness": {
      "n": 23,
      "g6": "V?????????????_?G?@??c?@G??K??B???W?K@??Yk??",
      "mode": 7,
      "lambda_mode": 0.795995213963964,
      "leaf": 6,
      "support": 18,
      "mu_p": 5.597684837251704,
      "mu_b": 6.0403608208279165,
      "D": 0.44267598357621285,
      "a": 0.4432056431860488,
      "half_excess": -0.05732401642378715,
      "exact_excess": -0.11411837323773832,
      "p_u": 0.42501893883195674
    },
    "max_exact_excess": -0.0968779396397117,
    "max_exact_excess_witness": {
      "n": 23,
      "g6": "V?????????????_?W?B??K??W??K??B???W??@_?Yg??",
      "mode": 7,
      "lambda_mode": 0.861157368859284,
      "leaf": 6,
      "support": 18,
      "mu_p": 5.5647188840584345,
      "mu_b": 6.005141022709742,
      "D": 0.4404221386513072,
      "a": 0.4626999217089811,
      "half_excess": -0.05957786134869281,
      "exact_excess": -0.0968779396397117,
      "p_u": 0.43072148175972796
    },
    "max_p_u": 0.43072148175972796,
    "max_p_u_witness": {
      "n": 23,
      "g6": "V?????????????_?W?B??K??W??K??B???W??@_?Yg??",
      "mode": 7,
      "lambda_mode": 0.861157368859284,
      "leaf": 6,
      "support": 18,
      "mu_p": 5.5647188840584345,
      "mu_b": 6.005141022709742,
      "D": 0.4404221386513072,
      "a": 0.4626999217089811,
      "half_excess": -0.05957786134869281,
      "exact_excess": -0.0968779396397117,
      "p_u": 0.43072148175972796
    }
  },
  "per_n": {
    "23": {
      "seen": 1983156,
      "considered": 94634,
      "checked": 94634,
      "no_deg2_support": 0,
      "half_violation": 0,
      "exact_violation": 0,
      "max_D": 0.44267598357621285,
      "max_D_witness": {
        "n": 23,
        "g6": "V?????????????_?G?@??c?@G??K??B???W?K@??Yk??",
        "mode": 7,
        "lambda_mode": 0.795995213963964,
        "leaf": 6,
        "support": 18,
        "mu_p": 5.597684837251704,
        "mu_b": 6.0403608208279165,
        "D": 0.44267598357621285,
        "a": 0.4432056431860488,
        "half_excess": -0.05732401642378715,
        "exact_excess": -0.11411837323773832,
        "p_u": 0.42501893883195674
      },
      "max_half_excess": -0.05732401642378715,
      "max_half_excess_witness": {
        "n": 23,
        "g6": "V?????????????_?G?@??c?@G??K??B???W?K@??Yk??",
        "mode": 7,
        "lambda_mode": 0.795995213963964,
        "leaf": 6,
        "support": 18,
        "mu_p": 5.597684837251704,
        "mu_b": 6.0403608208279165,
        "D": 0.44267598357621285,
        "a": 0.4432056431860488,
        "half_excess": -0.05732401642378715,
        "exact_excess": -0.11411837323773832,
        "p_u": 0.42501893883195674
      },
      "max_exact_excess": -0.0968779396397117,
      "max_exact_excess_witness": {
        "n": 23,
        "g6": "V?????????????_?W?B??K??W??K??B???W??@_?Yg??",
        "mode": 7,
        "lambda_mode": 0.861157368859284,
        "leaf": 6,
        "support": 18,
        "mu_p": 5.5647188840584345,
        "mu_b": 6.005141022709742,
        "D": 0.4404221386513072,
        "a": 0.4626999217089811,
        "half_excess": -0.05957786134869281,
        "exact_excess": -0.0968779396397117,
        "p_u": 0.43072148175972796
      },
      "max_p_u": 0.43072148175972796,
      "max_p_u_witness": {
        "n": 23,
        "g6": "V?????????????_?W?B??K??W??K??B???W??@_?Yg??",
        "mode": 7,
        "lambda_mode": 0.861157368859284,
        "leaf": 6,
        "support": 18,
        "mu_p": 5.5647188840584345,
        "mu_b": 6.005141022709742,
        "D": 0.4404221386513072,
        "a": 0.4626999217089811,
        "half_excess": -0.05957786134869281,
        "exact_excess": -0.0968779396397117,
        "p_u": 0.43072148175972796
      },
      "wall_s": 62.57814884185791
    }
  }
}